{
	"credit": "Made with Blockbench",
	"textures": {
		"particle": "block/mud_bricks",
		"texture": "block/spruce_trapdoor",
		"wall": "block/mud_bricks",
		"top": "block/spruce_planks",
		"edge": "block/brown_stained_glass_pane_top"
	},
	"elements": [
		{
			"from": [16, 29, 16],
			"to": [32, 32, 32],
			"faces": {
				"north": {"uv": [0, 0, 16, 3], "texture": "#texture", "cullface": "north"},
				"east": {"uv": [0, 0, 16, 3], "texture": "#texture", "cullface": "east"},
				"south": {"uv": [0, 0, 16, 3], "texture": "#texture", "cullface": "south"},
				"west": {"uv": [0, 0, 16, 3], "texture": "#texture", "cullface": "west"},
				"up": {"uv": [0, 16, 16, 0], "texture": "#texture", "cullface": "up"},
				"down": {"uv": [0, 0, 16, 16], "texture": "#texture"}
			}
		},
		{
			"name": "Center post",
			"from": [4, 16, 4],
			"to": [12, 32, 12],
			"faces": {
				"north": {"uv": [4, 0, 12, 16], "texture": "#wall"},
				"east": {"uv": [4, 0, 12, 16], "texture": "#wall"},
				"south": {"uv": [4, 0, 12, 16], "texture": "#wall"},
				"west": {"uv": [4, 0, 12, 16], "texture": "#wall"},
				"up": {"uv": [4, 4, 12, 12], "texture": "#wall", "cullface": "up"},
				"down": {"uv": [4, 4, 12, 12], "texture": "#wall", "cullface": "down"}
			}
		},
		{
			"from": [16, 29, -16],
			"to": [32, 32, 0],
			"faces": {
				"north": {"uv": [0, 0, 16, 3], "texture": "#texture", "cullface": "north"},
				"east": {"uv": [0, 0, 16, 3], "texture": "#texture", "cullface": "east"},
				"south": {"uv": [0, 0, 16, 3], "texture": "#texture", "cullface": "south"},
				"west": {"uv": [0, 0, 16, 3], "texture": "#texture", "cullface": "west"},
				"up": {"uv": [0, 16, 16, 0], "texture": "#texture", "cullface": "up"},
				"down": {"uv": [0, 0, 16, 16], "texture": "#texture"}
			}
		},
		{
			"from": [-16, 29, -16],
			"to": [0, 32, 0],
			"faces": {
				"north": {"uv": [0, 0, 16, 3], "texture": "#texture", "cullface": "north"},
				"east": {"uv": [0, 0, 16, 3], "texture": "#texture", "cullface": "east"},
				"south": {"uv": [0, 0, 16, 3], "texture": "#texture", "cullface": "south"},
				"west": {"uv": [0, 0, 16, 3], "texture": "#texture", "cullface": "west"},
				"up": {"uv": [0, 16, 16, 0], "texture": "#texture", "cullface": "up"},
				"down": {"uv": [0, 0, 16, 16], "texture": "#texture"}
			}
		},
		{
			"from": [7, -16, 7],
			"to": [9, 0, 9],
			"faces": {
				"north": {"uv": [7, 0, 9, 16], "texture": "#edge"},
				"east": {"uv": [7, 0, 9, 16], "texture": "#edge"},
				"south": {"uv": [7, 0, 9, 16], "texture": "#edge"},
				"west": {"uv": [7, 0, 9, 16], "texture": "#edge"},
				"up": {"uv": [7, 7, 9, 9], "texture": "#edge"},
				"down": {"uv": [7, 7, 9, 9], "texture": "#edge"}
			}
		},
		{
			"name": "Center post",
			"from": [6, 0, 6],
			"to": [10, 16, 10],
			"faces": {
				"north": {"uv": [6, 0, 10, 16], "texture": "#top"},
				"east": {"uv": [6, 0, 10, 16], "texture": "#top"},
				"south": {"uv": [6, 0, 10, 16], "texture": "#top"},
				"west": {"uv": [6, 0, 10, 16], "texture": "#top"},
				"up": {"uv": [6, 6, 10, 10], "texture": "#top", "cullface": "up"},
				"down": {"uv": [6, 6, 10, 10], "texture": "#top", "cullface": "down"}
			}
		},
		{
			"from": [-16, 29, 16],
			"to": [0, 32, 32],
			"faces": {
				"north": {"uv": [0, 0, 16, 3], "texture": "#texture", "cullface": "north"},
				"east": {"uv": [0, 0, 16, 3], "texture": "#texture", "cullface": "east"},
				"south": {"uv": [0, 0, 16, 3], "texture": "#texture", "cullface": "south"},
				"west": {"uv": [0, 0, 16, 3], "texture": "#texture", "cullface": "west"},
				"up": {"uv": [0, 16, 16, 0], "texture": "#texture", "cullface": "up"},
				"down": {"uv": [0, 0, 16, 16], "texture": "#texture"}
			}
		}
	]
}