{
	"credit": "Made with Blockbench",
	"textures": {
		"0": "block/livros",
		"1": "item/map",
		"particle": "block/livros"
	},
	"elements": [
		{
			"from": [1, 0, 6],
			"to": [9, 2, 17],
			"rotation": {"angle": 22.5, "axis": "y", "origin": [0, 0, 0]},
			"faces": {
				"north": {"uv": [11, 11, 4, 9], "texture": "#1"},
				"east": {"uv": [3, 7, 14, 9], "texture": "#1"},
				"south": {"uv": [4, 11, 11, 9], "texture": "#1"},
				"west": {"uv": [6, 0, 4, 6], "rotation": 270, "texture": "#0"},
				"up": {"uv": [4, 0, 8, 6], "texture": "#0"},
				"down": {"uv": [4, 0, 8, 6], "texture": "#0"}
			}
		},
		{
			"from": [0, 2, 5],
			"to": [8, 4, 16],
			"rotation": {"angle": 22.5, "axis": "y", "origin": [0, 0, 0]},
			"faces": {
				"north": {"uv": [11, 11, 4, 9], "texture": "#1"},
				"east": {"uv": [3, 7, 14, 9], "texture": "#1"},
				"south": {"uv": [4, 11, 11, 9], "texture": "#1"},
				"west": {"uv": [14, 0, 12, 6], "rotation": 270, "texture": "#0"},
				"up": {"uv": [12, 0, 16, 6], "texture": "#0"},
				"down": {"uv": [12, 6, 16, 0], "texture": "#0"}
			}
		},
		{
			"from": [5, 4, 3],
			"to": [13, 6, 14],
			"faces": {
				"north": {"uv": [11, 11, 4, 9], "texture": "#1"},
				"east": {"uv": [3, 7, 14, 9], "texture": "#1"},
				"south": {"uv": [4, 11, 11, 9], "texture": "#1"},
				"west": {"uv": [6, 12, 0, 14], "rotation": 180, "texture": "#0"},
				"up": {"uv": [0, 12, 6, 16], "rotation": 270, "texture": "#0"},
				"down": {"uv": [0, 12, 6, 16], "rotation": 270, "texture": "#0"}
			}
		},
		{
			"from": [-5, 6, 9],
			"to": [6, 8, 17],
			"rotation": {"angle": 45, "axis": "y", "origin": [0, 0, 0]},
			"faces": {
				"north": {"uv": [3, 7, 14, 9], "texture": "#1"},
				"east": {"uv": [4, 11, 11, 9], "texture": "#1"},
				"south": {"uv": [2, 6, 0, 12], "rotation": 270, "texture": "#0"},
				"west": {"uv": [11, 11, 4, 9], "texture": "#1"},
				"up": {"uv": [0, 6, 4, 12], "rotation": 270, "texture": "#0"},
				"down": {"uv": [0, 6, 4, 12], "rotation": 90, "texture": "#0"}
			}
		},
		{
			"from": [-4, 8, 8],
			"to": [4, 10, 19],
			"rotation": {"angle": 45, "axis": "y", "origin": [0, 0, 0]},
			"faces": {
				"north": {"uv": [11, 11, 4, 9], "texture": "#1"},
				"east": {"uv": [3, 7, 14, 9], "texture": "#1"},
				"south": {"uv": [4, 11, 11, 9], "texture": "#1"},
				"west": {"uv": [6, 12, 12, 14], "texture": "#0"},
				"up": {"uv": [6, 12, 12, 16], "rotation": 90, "texture": "#0"},
				"down": {"uv": [6, 12, 12, 16], "rotation": 90, "texture": "#0"}
			}
		},
		{
			"from": [6, 10, 3],
			"to": [14, 12, 14],
			"faces": {
				"north": {"uv": [11, 11, 4, 9], "texture": "#1"},
				"east": {"uv": [3, 7, 14, 9], "texture": "#1"},
				"south": {"uv": [4, 11, 11, 9], "texture": "#1"},
				"west": {"uv": [6, 6, 4, 12], "rotation": 270, "texture": "#0"},
				"up": {"uv": [4, 6, 8, 12], "texture": "#0"},
				"down": {"uv": [4, 6, 8, 12], "texture": "#0"}
			}
		}
	]
}