{
	"credit": "Made with Blockbench",
	"textures": {
		"0": "block/livros",
		"1": "item/map",
		"particle": "block/livros"
	},
	"elements": [
		{
			"from": [2, 0, 5],
			"to": [13, 2, 12],
			"rotation": {"angle": 0, "axis": "y", "origin": [0, -2, 16]},
			"faces": {
				"north": {"uv": [3, 7, 14, 9], "texture": "#1"},
				"east": {"uv": [4, 11, 11, 9], "texture": "#1"},
				"south": {"uv": [0, 6, 2, 0], "rotation": 90, "texture": "#0"},
				"west": {"uv": [11, 11, 4, 9], "texture": "#1"},
				"up": {"uv": [4, 0, 0, 6], "rotation": 270, "texture": "#0"},
				"down": {"uv": [4, 0, 0, 6], "rotation": 90, "texture": "#0"}
			}
		},
		{
			"from": [2, 2, -2],
			"to": [10, 4, 9],
			"rotation": {"angle": 22.5, "axis": "y", "origin": [16, -2, 0]},
			"faces": {
				"north": {"uv": [11, 11, 4, 9], "texture": "#1"},
				"east": {"uv": [3, 7, 14, 9], "texture": "#1"},
				"south": {"uv": [4, 11, 11, 9], "texture": "#1"},
				"west": {"uv": [6, 12, 0, 14], "texture": "#0"},
				"up": {"uv": [0, 16, 6, 12], "rotation": 270, "texture": "#0"},
				"down": {"uv": [6, 16, 0, 12], "rotation": 270, "texture": "#0"}
			}
		},
		{
			"from": [12, 4, -1],
			"to": [20, 6, 10],
			"rotation": {"angle": 45, "axis": "y", "origin": [16, -2, 16]},
			"faces": {
				"north": {"uv": [11, 11, 4, 9], "texture": "#1"},
				"east": {"uv": [3, 7, 14, 9], "texture": "#1"},
				"south": {"uv": [4, 11, 11, 9], "texture": "#1"},
				"west": {"uv": [6, 6, 4, 12], "rotation": 270, "texture": "#0"},
				"up": {"uv": [8, 12, 4, 6], "texture": "#0"},
				"down": {"uv": [8, 6, 4, 12], "texture": "#0"}
			}
		},
		{
			"from": [-5, 6, 7],
			"to": [6, 8, 15],
			"rotation": {"angle": 45, "axis": "y", "origin": [0, -2, 0]},
			"faces": {
				"north": {"uv": [10, 6, 8, 12], "rotation": 270, "texture": "#0"},
				"east": {"uv": [11, 11, 4, 9], "texture": "#1"},
				"south": {"uv": [3, 7, 14, 9], "texture": "#1"},
				"west": {"uv": [4, 11, 11, 9], "texture": "#1"},
				"up": {"uv": [8, 6, 12, 12], "rotation": 270, "texture": "#0"},
				"down": {"uv": [8, 12, 12, 6], "rotation": 90, "texture": "#0"}
			}
		}
	]
}