{
	"credit": "Made with Blockbench",
	"textures": {
		"1": "block/livros",
		"2": "item/map",
		"particle": "block/livros"
	},
	"elements": [
		{
			"from": [8, 0, 1],
			"to": [16, 2, 12],
			"rotation": {"angle": 22.5, "axis": "y", "origin": [16, 0, 16]},
			"faces": {
				"north": {"uv": [4, 11, 11, 9], "texture": "#2"},
				"east": {"uv": [12, 16, 6, 14], "texture": "#1"},
				"south": {"uv": [11, 11, 4, 9], "texture": "#2"},
				"west": {"uv": [3, 7, 14, 9], "texture": "#2"},
				"up": {"uv": [12, 12, 6, 16], "rotation": 270, "texture": "#1"},
				"down": {"uv": [6, 16, 12, 12], "rotation": 270, "texture": "#1"}
			}
		},
		{
			"from": [12, 2, 8],
			"to": [20, 4, 19],
			"rotation": {"angle": -45, "axis": "y", "origin": [16, 0, 0]},
			"faces": {
				"north": {"uv": [11, 11, 4, 9], "texture": "#2"},
				"east": {"uv": [3, 7, 14, 9], "texture": "#2"},
				"south": {"uv": [4, 11, 11, 9], "texture": "#2"},
				"west": {"uv": [14, 0, 12, 6], "rotation": 270, "texture": "#1"},
				"up": {"uv": [12, 0, 16, 6], "texture": "#1"},
				"down": {"uv": [16, 6, 12, 0], "texture": "#1"}
			}
		}
	]
}