{
	"credit": "Made with Blockbench",
	"textures": {
		"0": "block/iron_block",
		"1": "block/cauldron_inner",
		"3": "block/cafeteira",
		"4": "block/quartz_bricks",
		"particle": "block/cauldron_inner"
	},
	"elements": [
		{
			"from": [2, 0, 1],
			"to": [14, 2, 15],
			"faces": {
				"north": {"uv": [0, 0, 12, 2], "texture": "#0"},
				"east": {"uv": [0, 0, 14, 2], "texture": "#0"},
				"south": {"uv": [0, 0, 12, 2], "texture": "#0"},
				"west": {"uv": [0, 0, 14, 2], "texture": "#0"},
				"up": {"uv": [2, 0, 14, 14], "texture": "#0"},
				"down": {"uv": [2, 0, 14, 14], "texture": "#0", "cullface": "down"}
			}
		},
		{
			"from": [2, 2, 6],
			"to": [14, 9, 15],
			"faces": {
				"north": {"uv": [2, 4, 14, 11], "texture": "#1"},
				"east": {"uv": [4, 4, 13, 11], "texture": "#1"},
				"south": {"uv": [2, 4, 14, 11], "texture": "#1"},
				"west": {"uv": [4, 4, 13, 11], "texture": "#1"}
			}
		},
		{
			"from": [2, 9, 3],
			"to": [14, 14, 15],
			"faces": {
				"north": {"uv": [2, 0, 14, 5], "texture": "#1"},
				"east": {"uv": [2, 0, 14, 5], "texture": "#1"},
				"south": {"uv": [2, 0, 14, 5], "texture": "#1"},
				"west": {"uv": [2, 0, 14, 5], "texture": "#1"},
				"up": {"uv": [3, 3, 15, 15], "rotation": 180, "texture": "#1"},
				"down": {"uv": [4, 4, 16, 16], "texture": "#1"}
			}
		},
		{
			"from": [2, 14, 4],
			"to": [2, 16, 12],
			"faces": {
				"north": {"uv": [0, 0, 0, 2], "texture": "#3"},
				"east": {"uv": [0, 8, 8, 10], "texture": "#3"},
				"south": {"uv": [0, 0, 0, 2], "texture": "#3"},
				"west": {"uv": [0, 8, 8, 10], "texture": "#3"},
				"up": {"uv": [0, 0, 0, 8], "texture": "#3"},
				"down": {"uv": [0, 0, 0, 8], "texture": "#3"}
			}
		},
		{
			"from": [14, 14, 4],
			"to": [14, 16, 12],
			"faces": {
				"north": {"uv": [0, 0, 0, 2], "texture": "#3"},
				"east": {"uv": [0, 8, 8, 10], "texture": "#3"},
				"south": {"uv": [0, 0, 0, 2], "texture": "#3"},
				"west": {"uv": [0, 8, 8, 10], "texture": "#3"},
				"up": {"uv": [0, 0, 0, 8], "texture": "#3"},
				"down": {"uv": [0, 0, 0, 8], "texture": "#3"}
			}
		},
		{
			"from": [5, 9, 2.75],
			"to": [11, 15, 2.75],
			"faces": {
				"north": {"uv": [0, 0, 6, 6], "texture": "#3"},
				"south": {"uv": [0, 0, 6, 6], "texture": "#3"}
			}
		},
		{
			"from": [8, 7, 0],
			"to": [8, 9, 6],
			"faces": {
				"north": {"uv": [0, 0, 0, 2], "texture": "#3"},
				"east": {"uv": [0, 6, 6, 8], "rotation": 180, "texture": "#3"},
				"south": {"uv": [0, 0, 0, 2], "texture": "#3"},
				"west": {"uv": [0, 6, 6, 8], "texture": "#3"},
				"up": {"uv": [0, 0, 0, 6], "texture": "#3"},
				"down": {"uv": [0, 0, 0, 6], "texture": "#3"}
			}
		},
		{
			"from": [6.5, 2, 2],
			"to": [9.5, 5.75, 5],
			"faces": {
				"north": {"uv": [1, 7, 4, 10.75], "texture": "#4"},
				"east": {"uv": [1, 7, 4, 10.75], "texture": "#4"},
				"south": {"uv": [1, 7, 4, 10.75], "texture": "#4"},
				"west": {"uv": [1, 7, 4, 10.75], "texture": "#4"},
				"up": {"uv": [1, 13, 4, 16], "texture": "#4"}
			}
		},
		{
			"from": [4.5, 3, 3.5],
			"to": [6.5, 5, 3.5],
			"faces": {
				"north": {"uv": [0, 10, 3, 13], "texture": "#3"},
				"south": {"uv": [0, 10, 3, 13], "rotation": 180, "texture": "#3"}
			}
		},
		{
			"from": [6.5, 5.75, 2],
			"to": [9.5, 5.75, 5],
			"faces": {
				"up": {"uv": [6, 0, 11, 5], "texture": "#3"}
			}
		},
		{
			"from": [9.5, 14, 8],
			"to": [12.5, 17.75, 11],
			"rotation": {"angle": 0, "axis": "y", "origin": [3, 12, 6]},
			"faces": {
				"north": {"uv": [1, 7, 4, 10.75], "texture": "#4"},
				"east": {"uv": [1, 7, 4, 10.75], "texture": "#4"},
				"south": {"uv": [1, 7, 4, 10.75], "texture": "#4"},
				"west": {"uv": [1, 7, 4, 10.75], "texture": "#4"},
				"up": {"uv": [1, 13, 4, 16], "texture": "#4"}
			}
		},
		{
			"from": [7.5, 15, 9.5],
			"to": [9.5, 17, 9.5],
			"rotation": {"angle": 0, "axis": "y", "origin": [3, 12, 6]},
			"faces": {
				"north": {"uv": [0, 10, 3, 13], "texture": "#3"},
				"south": {"uv": [0, 10, 3, 13], "rotation": 180, "texture": "#3"}
			}
		},
		{
			"from": [4.5, 14, 5],
			"to": [7.5, 17.75, 8],
			"rotation": {"angle": 0, "axis": "y", "origin": [-2, 12, 3]},
			"faces": {
				"north": {"uv": [1, 7, 4, 10.75], "texture": "#4"},
				"east": {"uv": [1, 7, 4, 10.75], "texture": "#4"},
				"south": {"uv": [1, 7, 4, 10.75], "texture": "#4"},
				"west": {"uv": [1, 7, 4, 10.75], "texture": "#4"},
				"up": {"uv": [1, 13, 4, 16], "texture": "#4"}
			}
		},
		{
			"from": [2.5, 15, 6.5],
			"to": [4.5, 17, 6.5],
			"rotation": {"angle": 0, "axis": "y", "origin": [-2, 12, 3]},
			"faces": {
				"north": {"uv": [0, 10, 3, 13], "texture": "#3"},
				"south": {"uv": [0, 10, 3, 13], "rotation": 180, "texture": "#3"}
			}
		}
	],
	"groups": [
		0,
		1,
		2,
		3,
		4,
		5,
		6,
		{
			"name": "caneca",
			"origin": [0, 0, 0],
			"color": 0,
			"children": [7, 8, 9]
		},
		{
			"name": "caneca",
			"origin": [0, 0, 0],
			"color": 0,
			"children": [10, 11]
		},
		{
			"name": "caneca",
			"origin": [0, 0, 0],
			"color": 0,
			"children": [12, 13]
		}
	]
}