{
	"credit": "Made with Blockbench",
	"textures": {
		"particle": "block/stone_villager"
	},
	"elements": [
		{
			"from": [3.75, 0, 5],
			"to": [12.25, 12, 11],
			"faces": {
				"north": {"uv": [5.5, 6.5, 7.5, 9.5], "texture": "#particle"},
				"east": {"uv": [7.5, 6.5, 9, 9.5], "texture": "#particle"},
				"south": {"uv": [9, 6.5, 11, 9.5], "texture": "#particle"},
				"west": {"uv": [4, 6.5, 5.5, 9.5], "texture": "#particle"},
				"up": {"uv": [7.5, 6.5, 5.5, 5], "texture": "#particle"},
				"down": {"uv": [9.5, 5, 7.5, 6.5], "texture": "#particle"}
			}
		},
		{
			"from": [1, 5.57107, -2.13604],
			"to": [15, 14.57107, 0.86396],
			"rotation": {"angle": 45, "axis": "x", "origin": [0, 0, 0]},
			"faces": {
				"north": {"uv": [11, 9.5, 13.25, 11.5], "texture": "#particle"},
				"east": {"uv": [11, 6.5, 12, 8.5], "texture": "#particle"},
				"south": {"uv": [12.75, 9.5, 15, 11.5], "texture": "#particle"},
				"west": {"uv": [12, 6.5, 13, 8.5], "texture": "#particle"},
				"up": {"uv": [11, 10.5, 15, 11.5], "texture": "#particle"},
				"down": {"uv": [11, 10.5, 15, 11.5], "texture": "#particle"}
			}
		},
		{
			"from": [4, 12, 4],
			"to": [12, 22, 12],
			"faces": {
				"north": {"uv": [2, 2, 4, 4.5], "texture": "#particle"},
				"east": {"uv": [0, 2, 2, 4.5], "texture": "#particle"},
				"south": {"uv": [6, 2, 8, 4.5], "texture": "#particle"},
				"west": {"uv": [4, 2, 6, 4.5], "texture": "#particle"},
				"up": {"uv": [2, 0, 4, 2], "texture": "#particle"},
				"down": {"uv": [4, 0, 6, 2], "texture": "#particle"}
			}
		},
		{
			"from": [7, 11, 2],
			"to": [9, 15, 4],
			"faces": {
				"north": {"uv": [7.5, 0.5, 8, 1.5], "texture": "#particle"},
				"east": {"uv": [7, 0.5, 7.5, 1.5], "texture": "#particle"},
				"south": {"uv": [6.5, 0.5, 7, 1.5], "texture": "#particle"},
				"west": {"uv": [6, 0.5, 6.5, 1.5], "texture": "#particle"},
				"up": {"uv": [6.5, 0, 7, 0.5], "texture": "#particle"},
				"down": {"uv": [7, 0, 7.5, 0.5], "texture": "#particle"}
			}
		}
	],
	"display": {
		"thirdperson_righthand": {
			"rotation": [75, 45, 0],
			"translation": [0, 2.5, 0],
			"scale": [0.375, 0.375, 0.375]
		},
		"thirdperson_lefthand": {
			"rotation": [75, 45, 0],
			"translation": [0, 2.5, 0],
			"scale": [0.375, 0.375, 0.375]
		},
		"firstperson_righthand": {
			"rotation": [0, 45, 0],
			"scale": [0.4, 0.4, 0.4]
		},
		"firstperson_lefthand": {
			"rotation": [0, 225, 0],
			"scale": [0.4, 0.4, 0.4]
		},
		"ground": {
			"translation": [0, 3, 0],
			"scale": [0.25, 0.25, 0.25]
		},
		"gui": {
			"rotation": [30, 225, 0],
			"translation": [0, -1.75, 0],
			"scale": [0.625, 0.625, 0.625]
		},
		"head": {
			"scale": [1.6, 1.6, 1.6]
		},
		"fixed": {
			"scale": [0.5, 0.5, 0.5]
		}
	}
}