{
	"credit": "Made with Blockbench",
	"textures": {
		"0": "block/copper_base",
		"1": "block/note_block",
		"2": "block/whistle",
		"particle": "block/copper_base"
	},
	"elements": [
		{
			"from": [0, 0, 0],
			"to": [16, 16, 16],
			"faces": {
				"north": {"uv": [0, 0, 16, 16], "texture": "#1"},
				"east": {"uv": [0, 0, 16, 16], "texture": "#1"},
				"south": {"uv": [0, 0, 16, 16], "texture": "#1"},
				"west": {"uv": [0, 0, 16, 16], "texture": "#1"},
				"up": {"uv": [0, 0, 16, 16], "texture": "#1"},
				"down": {"uv": [0, 0, 16, 16], "texture": "#1"}
			}
		},
		{
			"from": [0, 16, 0],
			"to": [16, 18, 16],
			"faces": {
				"north": {"uv": [1, 0, 15, 2], "texture": "#0"},
				"east": {"uv": [1, 0, 15, 2], "texture": "#0"},
				"south": {"uv": [1, 0, 15, 2], "texture": "#0"},
				"west": {"uv": [1, 0, 15, 2], "texture": "#0"},
				"up": {"uv": [1, 0, 15, 14], "texture": "#0"},
				"down": {"uv": [1, 0, 15, 14], "texture": "#0"}
			}
		},
		{
			"from": [2, 19, 2],
			"to": [14, 26, 14],
			"faces": {
				"north": {"uv": [0.75, 0, 3.25, 1.75], "texture": "#2"},
				"east": {"uv": [0.75, 2, 3.25, 3.75], "texture": "#2"},
				"south": {"uv": [0.75, 0, 3.25, 1.75], "texture": "#2"},
				"west": {"uv": [0.75, 2, 3.25, 3.75], "texture": "#2"},
				"up": {"uv": [0.5, 12.5, 3.5, 15.5], "texture": "#2"},
				"down": {"uv": [0.5, 12.5, 3.5, 15.5], "texture": "#2"}
			}
		}
	],
	"display": {
		"thirdperson_righthand": {
			"rotation": [75, 45, 0],
			"translation": [0, 2.5, 0],
			"scale": [0.375, 0.375, 0.375]
		},
		"firstperson_righthand": {
			"rotation": [0, 45, 0],
			"scale": [0.4, 0.4, 0.4]
		},
		"firstperson_lefthand": {
			"rotation": [0, 225, 0],
			"scale": [0.4, 0.4, 0.4]
		},
		"ground": {
			"translation": [0, 3, 0],
			"scale": [0.25, 0.25, 0.25]
		},
		"gui": {
			"rotation": [30, 225, 0],
			"scale": [0.625, 0.625, 0.625]
		},
		"fixed": {
			"scale": [0.5, 0.5, 0.5]
		}
	}
}