{
	"credit": "Made with Blockbench",
	"texture_size": [128, 128],
	"textures": {
		"0": "block/paredes",
		"particle": "block/paredes"
	},
	"elements": [
		{
			"name": "pegador",
			"from": [-12, 0, -3],
			"to": [-11, 4, -2],
			"rotation": {"angle": -45, "axis": "y", "origin": [0, 0, 0]},
			"faces": {
				"north": {"uv": [0.125, 0.125, 0.25, 0.625], "texture": "#0"},
				"east": {"uv": [0, 0.125, 0.125, 0.625], "texture": "#0"},
				"south": {"uv": [0.375, 0.125, 0.5, 0.625], "texture": "#0"},
				"west": {"uv": [0.25, 0.125, 0.375, 0.625], "texture": "#0"},
				"up": {"uv": [0.25, 0.125, 0.125, 0], "texture": "#0"},
				"down": {"uv": [0.375, 0, 0.25, 0.125], "texture": "#0"}
			}
		},
		{
			"name": "back",
			"from": [-16, -15, 15],
			"to": [16, 31, 16],
			"faces": {
				"north": {"uv": [0.125, 2.375, 4.125, 8.375], "texture": "#0"},
				"east": {"uv": [0, 2.375, 0.125, 8.375], "texture": "#0"},
				"south": {"uv": [4.25, 2.375, 8.25, 8.375], "texture": "#0"},
				"west": {"uv": [4.125, 2.375, 4.25, 8.375], "texture": "#0"},
				"up": {"uv": [4.125, 2.375, 0.125, 2.25], "texture": "#0"},
				"down": {"uv": [8.125, 2.25, 4.125, 2.375], "texture": "#0"}
			}
		},
		{
			"name": "porta esq",
			"from": [0, -16, 0],
			"to": [16, 32, 2],
			"rotation": {"angle": -22.5, "axis": "y", "origin": [16, 0, 0]},
			"faces": {
				"north": {"uv": [7.75, 6, 9.75, 12], "texture": "#0"},
				"east": {"uv": [7.5, 6, 7.75, 12], "texture": "#0"},
				"south": {"uv": [10, 6, 12, 12], "texture": "#0"},
				"west": {"uv": [9.75, 6, 10, 12], "texture": "#0"},
				"up": {"uv": [9.75, 6, 7.75, 5.75], "texture": "#0"},
				"down": {"uv": [11.75, 5.75, 9.75, 6], "texture": "#0"}
			}
		},
		{
			"name": "porta dir",
			"from": [-16, -16, 0],
			"to": [0, 32, 2],
			"rotation": {"angle": 45, "axis": "y", "origin": [-16, 0, 0]},
			"faces": {
				"north": {"uv": [7.75, 6, 9.75, 12], "texture": "#0"},
				"east": {"uv": [7.5, 6, 7.75, 12], "texture": "#0"},
				"south": {"uv": [10, 6, 12, 12], "texture": "#0"},
				"west": {"uv": [9.75, 6, 10, 12], "texture": "#0"},
				"up": {"uv": [9.75, 6, 7.75, 5.75], "texture": "#0"},
				"down": {"uv": [11.75, 5.75, 9.75, 6], "texture": "#0"}
			}
		},
		{
			"name": "chão",
			"from": [-16, -16, 0],
			"to": [16, -15, 16],
			"faces": {
				"north": {"uv": [2, 2, 6, 2.125], "texture": "#0"},
				"east": {"uv": [0, 2, 2, 2.125], "texture": "#0"},
				"south": {"uv": [8, 2, 12, 2.125], "texture": "#0"},
				"west": {"uv": [6, 2, 8, 2.125], "texture": "#0"},
				"up": {"uv": [6, 2, 2, 0], "texture": "#0"},
				"down": {"uv": [10, 0, 6, 2], "texture": "#0"}
			}
		},
		{
			"name": "teto",
			"from": [-16, 31, 0],
			"to": [16, 32, 16],
			"faces": {
				"north": {"uv": [2, 2, 6, 2.125], "texture": "#0"},
				"east": {"uv": [0, 2, 2, 2.125], "texture": "#0"},
				"south": {"uv": [8, 2, 12, 2.125], "texture": "#0"},
				"west": {"uv": [6, 2, 8, 2.125], "texture": "#0"},
				"up": {"uv": [6, 2, 2, 0], "texture": "#0"},
				"down": {"uv": [10, 0, 6, 2], "texture": "#0"}
			}
		},
		{
			"name": "haste",
			"from": [-16, 23, 8],
			"to": [13, 24, 9],
			"faces": {
				"north": {"uv": [8.375, 2.375, 12, 2.5], "texture": "#0"},
				"east": {"uv": [8.25, 2.375, 8.375, 2.5], "texture": "#0"},
				"south": {"uv": [12.125, 2.375, 15.75, 2.5], "texture": "#0"},
				"west": {"uv": [12, 2.375, 12.125, 2.5], "texture": "#0"},
				"up": {"uv": [12, 2.375, 8.375, 2.25], "texture": "#0"},
				"down": {"uv": [15.625, 2.25, 12, 2.375], "texture": "#0"}
			}
		},
		{
			"name": "pegador",
			"from": [1, 0, -7],
			"to": [2, 4, -6],
			"rotation": {"angle": -22.5, "axis": "y", "origin": [0, 0, 0]},
			"faces": {
				"north": {"uv": [0.125, 0.125, 0.25, 0.625], "texture": "#0"},
				"east": {"uv": [0, 0.125, 0.125, 0.625], "texture": "#0"},
				"south": {"uv": [0.375, 0.125, 0.5, 0.625], "texture": "#0"},
				"west": {"uv": [0.25, 0.125, 0.375, 0.625], "texture": "#0"},
				"up": {"uv": [0.25, 0.125, 0.125, 0], "texture": "#0"},
				"down": {"uv": [0.375, 0, 0.25, 0.125], "texture": "#0"}
			}
		}
	],
	"display": {
		"thirdperson_righthand": {
			"rotation": [75, 45, 0],
			"translation": [0, 2.5, 0],
			"scale": [0.1, 0.1, 0.1]
		},
		"thirdperson_lefthand": {
			"rotation": [75, 45, 0],
			"translation": [0, 2.5, 0],
			"scale": [0.1, 0.1, 0.1]
		},
		"firstperson_righthand": {
			"rotation": [0, 45, 0],
			"scale": [0.4, 0.4, 0.4]
		},
		"firstperson_lefthand": {
			"rotation": [0, 225, 0],
			"scale": [0.4, 0.4, 0.4]
		},
		"ground": {
			"translation": [0, 3, 0],
			"scale": [0.25, 0.25, 0.25]
		},
		"gui": {
			"rotation": [30, 225, 0],
			"translation": [-1.75, -3.5, 0],
			"scale": [0.34, 0.34, 0.34]
		},
		"head": {
			"rotation": [0, 180, 0],
			"translation": [0, 13, 7]
		},
		"fixed": {
			"translation": [4.25, -4, 0],
			"scale": [0.5, 0.5, 0.5]
		}
	},
	"groups": [
		{
			"name": "armario",
			"origin": [0, 0, 0],
			"color": 0,
			"children": [0, 1, 2, 3, 4, 5, 6, 7]
		}
	]
}