{
	"credit": "Made with Blockbench",
	"texture_size": [32, 32],
	"textures": {
		"0": "item/stone_axe",
		"1": "block/locker_front",
		"2": "block/locker_side",
		"particle": "block/locker_side"
	},
	"elements": [
		{
			"from": [0, 0, 0],
			"to": [16, 16, 16],
			"faces": {
				"north": {"uv": [0, 0, 16, 16], "texture": "#1"},
				"east": {"uv": [0, 0, 16, 16], "texture": "#2"},
				"south": {"uv": [0, 0, 16, 16], "texture": "#2"},
				"west": {"uv": [0, 0, 16, 16], "texture": "#2"},
				"up": {"uv": [0, 0, 16, 16], "texture": "#2"},
				"down": {"uv": [0, 0, 16, 16], "texture": "#2"}
			}
		},
		{
			"from": [7.5, 6.5, 5],
			"to": [8.5, 7.5, 6],
			"rotation": {"angle": 0, "axis": "z", "origin": [8, 0.5, 10]},
			"faces": {
				"north": {"uv": [3, 5.5, 3.5, 6], "rotation": 270, "texture": "#0"},
				"east": {"uv": [5.5, 6, 5, 5.5], "rotation": 90, "texture": "#0"},
				"south": {"uv": [5.5, 3.5, 6, 4], "rotation": 90, "texture": "#0"},
				"west": {"uv": [6, 5.5, 5.5, 6], "rotation": 90, "texture": "#0"},
				"up": {"uv": [4.5, 5.5, 5, 6], "rotation": 90, "texture": "#0"},
				"down": {"uv": [5.5, 3, 6, 3.5], "rotation": 90, "texture": "#0"}
			}
		},
		{
			"from": [7.5, 4.5, 6],
			"to": [8.5, 7.5, 7],
			"rotation": {"angle": 0, "axis": "z", "origin": [8, 0.5, 10]},
			"faces": {
				"north": {"uv": [2, 1, 3.5, 1.5], "rotation": 270, "texture": "#0"},
				"east": {"uv": [3.5, 2.5, 2, 2], "rotation": 90, "texture": "#0"},
				"south": {"uv": [2, 1.5, 3.5, 2], "rotation": 90, "texture": "#0"},
				"west": {"uv": [3.5, 2.5, 2, 3], "rotation": 90, "texture": "#0"},
				"up": {"uv": [6, 2, 6.5, 2.5], "rotation": 90, "texture": "#0"},
				"down": {"uv": [2, 6, 2.5, 6.5], "rotation": 90, "texture": "#0"}
			}
		},
		{
			"from": [7.5, 4.5, 4],
			"to": [8.5, 7.5, 5],
			"rotation": {"angle": 0, "axis": "z", "origin": [8, 0.5, 10]},
			"faces": {
				"north": {"uv": [2, 3, 3.5, 3.5], "rotation": 270, "texture": "#0"},
				"east": {"uv": [5, 2, 3.5, 1.5], "rotation": 90, "texture": "#0"},
				"south": {"uv": [3.5, 1, 5, 1.5], "rotation": 90, "texture": "#0"},
				"west": {"uv": [3.5, 3.5, 2, 4], "rotation": 90, "texture": "#0"},
				"up": {"uv": [6, 2.5, 6.5, 3], "rotation": 90, "texture": "#0"},
				"down": {"uv": [2.5, 6, 3, 6.5], "rotation": 90, "texture": "#0"}
			}
		},
		{
			"from": [7.5, 10.5, -10],
			"to": [8.5, 11.5, -9],
			"rotation": {"angle": 0, "axis": "z", "origin": [8, 0.5, 10]},
			"faces": {
				"north": {"uv": [3, 6, 3.5, 6.5], "rotation": 270, "texture": "#0"},
				"east": {"uv": [4.5, 6.5, 4, 6], "rotation": 90, "texture": "#0"},
				"south": {"uv": [3.5, 6, 4, 6.5], "rotation": 90, "texture": "#0"},
				"west": {"uv": [6.5, 4, 6, 4.5], "rotation": 90, "texture": "#0"},
				"up": {"uv": [6, 3.5, 6.5, 4], "rotation": 90, "texture": "#0"},
				"down": {"uv": [6, 3, 6.5, 3.5], "rotation": 90, "texture": "#0"}
			}
		},
		{
			"from": [7.5, 5.5, -10],
			"to": [8.5, 6.5, -9],
			"rotation": {"angle": 0, "axis": "z", "origin": [8, 0.5, 10]},
			"faces": {
				"north": {"uv": [4.5, 6, 5, 6.5], "rotation": 270, "texture": "#0"},
				"east": {"uv": [6, 6.5, 5.5, 6], "rotation": 90, "texture": "#0"},
				"south": {"uv": [5, 6, 5.5, 6.5], "rotation": 90, "texture": "#0"},
				"west": {"uv": [6.5, 5.5, 6, 6], "rotation": 90, "texture": "#0"},
				"up": {"uv": [6, 5, 6.5, 5.5], "rotation": 90, "texture": "#0"},
				"down": {"uv": [6, 4.5, 6.5, 5], "rotation": 90, "texture": "#0"}
			}
		},
		{
			"from": [7.5, 6.5, -6],
			"to": [8.5, 7.5, -5],
			"rotation": {"angle": 0, "axis": "z", "origin": [8, 0.5, 10]},
			"faces": {
				"north": {"uv": [6, 6, 6.5, 6.5], "rotation": 270, "texture": "#0"},
				"east": {"uv": [7, 2.5, 6.5, 2], "rotation": 90, "texture": "#0"},
				"south": {"uv": [6.5, 1.5, 7, 2], "rotation": 90, "texture": "#0"},
				"west": {"uv": [3, 6.5, 2.5, 7], "rotation": 90, "texture": "#0"},
				"up": {"uv": [2, 6.5, 2.5, 7], "rotation": 90, "texture": "#0"},
				"down": {"uv": [6.5, 1, 7, 1.5], "rotation": 90, "texture": "#0"}
			}
		},
		{
			"from": [7.5, 9.5, -6],
			"to": [8.5, 10.5, -5],
			"rotation": {"angle": 0, "axis": "z", "origin": [8, 0.5, 10]},
			"faces": {
				"north": {"uv": [6.5, 2.5, 7, 3], "rotation": 270, "texture": "#0"},
				"east": {"uv": [7, 4, 6.5, 3.5], "rotation": 90, "texture": "#0"},
				"south": {"uv": [6.5, 3, 7, 3.5], "rotation": 90, "texture": "#0"},
				"west": {"uv": [4.5, 6.5, 4, 7], "rotation": 90, "texture": "#0"},
				"up": {"uv": [3.5, 6.5, 4, 7], "rotation": 90, "texture": "#0"},
				"down": {"uv": [3, 6.5, 3.5, 7], "rotation": 90, "texture": "#0"}
			}
		},
		{
			"from": [7.5, 10.5, -7],
			"to": [8.5, 11.5, -6],
			"rotation": {"angle": 0, "axis": "z", "origin": [8, 0.5, 10]},
			"faces": {
				"north": {"uv": [6.5, 4, 7, 4.5], "rotation": 270, "texture": "#0"},
				"east": {"uv": [7, 5.5, 6.5, 5], "rotation": 90, "texture": "#0"},
				"south": {"uv": [6.5, 4.5, 7, 5], "rotation": 90, "texture": "#0"},
				"west": {"uv": [6, 6.5, 5.5, 7], "rotation": 90, "texture": "#0"},
				"up": {"uv": [5, 6.5, 5.5, 7], "rotation": 90, "texture": "#0"},
				"down": {"uv": [4.5, 6.5, 5, 7], "rotation": 90, "texture": "#0"}
			}
		},
		{
			"from": [7.5, 5.5, -7],
			"to": [8.5, 6.5, -6],
			"rotation": {"angle": 0, "axis": "z", "origin": [8, 0.5, 10]},
			"faces": {
				"north": {"uv": [6.5, 5.5, 7, 6], "rotation": 270, "texture": "#0"},
				"east": {"uv": [7.5, 1.5, 7, 1], "rotation": 90, "texture": "#0"},
				"south": {"uv": [6.5, 6, 7, 6.5], "rotation": 90, "texture": "#0"},
				"west": {"uv": [7.5, 1.5, 7, 2], "rotation": 90, "texture": "#0"},
				"up": {"uv": [6.5, 6.5, 7, 7], "rotation": 90, "texture": "#0"},
				"down": {"uv": [6, 6.5, 6.5, 7], "rotation": 90, "texture": "#0"}
			}
		},
		{
			"from": [7.5, 11.5, -9],
			"to": [8.5, 12.5, -7],
			"rotation": {"angle": 0, "axis": "z", "origin": [8, 0.5, 10]},
			"faces": {
				"north": {"uv": [2, 7, 2.5, 7.5], "rotation": 270, "texture": "#0"},
				"east": {"uv": [5, 5.5, 4.5, 4.5], "rotation": 90, "texture": "#0"},
				"south": {"uv": [7, 2, 7.5, 2.5], "rotation": 90, "texture": "#0"},
				"west": {"uv": [5.5, 1, 5, 2], "rotation": 90, "texture": "#0"},
				"up": {"uv": [3.5, 4.5, 4.5, 5], "rotation": 90, "texture": "#0"},
				"down": {"uv": [4, 4, 5, 4.5], "rotation": 90, "texture": "#0"}
			}
		},
		{
			"from": [7.5, 4.5, -9],
			"to": [8.5, 5.5, -7],
			"rotation": {"angle": 0, "axis": "z", "origin": [8, 0.5, 10]},
			"faces": {
				"north": {"uv": [2.5, 7, 3, 7.5], "rotation": 270, "texture": "#0"},
				"east": {"uv": [4, 6, 3.5, 5], "rotation": 90, "texture": "#0"},
				"south": {"uv": [7, 2.5, 7.5, 3], "rotation": 90, "texture": "#0"},
				"west": {"uv": [4.5, 5, 4, 6], "rotation": 90, "texture": "#0"},
				"up": {"uv": [5, 2.5, 6, 3], "rotation": 90, "texture": "#0"},
				"down": {"uv": [5, 2, 6, 2.5], "rotation": 90, "texture": "#0"}
			}
		},
		{
			"from": [7.5, 6.5, -10],
			"to": [8.5, 7.5, -7],
			"rotation": {"angle": 0, "axis": "z", "origin": [8, 0.5, 10]},
			"faces": {
				"north": {"uv": [3, 7, 3.5, 7.5], "rotation": 270, "texture": "#0"},
				"east": {"uv": [4, 4.5, 3.5, 3], "rotation": 90, "texture": "#0"},
				"south": {"uv": [7, 3, 7.5, 3.5], "rotation": 90, "texture": "#0"},
				"west": {"uv": [2.5, 4, 2, 5.5], "rotation": 90, "texture": "#0"},
				"up": {"uv": [3.5, 2.5, 5, 3], "rotation": 90, "texture": "#0"},
				"down": {"uv": [3.5, 2, 5, 2.5], "rotation": 90, "texture": "#0"}
			}
		},
		{
			"from": [7.5, 9.5, -10],
			"to": [8.5, 10.5, -7],
			"rotation": {"angle": 0, "axis": "z", "origin": [8, 0.5, 10]},
			"faces": {
				"north": {"uv": [3.5, 7, 4, 7.5], "rotation": 270, "texture": "#0"},
				"east": {"uv": [3, 5.5, 2.5, 4], "rotation": 90, "texture": "#0"},
				"south": {"uv": [7, 3.5, 7.5, 4], "rotation": 90, "texture": "#0"},
				"west": {"uv": [3.5, 4, 3, 5.5], "rotation": 90, "texture": "#0"},
				"up": {"uv": [4, 3.5, 5.5, 4], "rotation": 90, "texture": "#0"},
				"down": {"uv": [4, 3, 5.5, 3.5], "rotation": 90, "texture": "#0"}
			}
		},
		{
			"from": [7.5, 7.5, -7],
			"to": [8.5, 9.5, 8],
			"rotation": {"angle": 0, "axis": "z", "origin": [8, 0.5, 10]},
			"faces": {
				"north": {"uv": [5, 4, 6, 4.5], "rotation": 270, "texture": "#0"},
				"east": {"uv": [1, 7.5, 0, 0], "rotation": 90, "texture": "#0"},
				"south": {"uv": [5, 4.5, 6, 5], "rotation": 90, "texture": "#0"},
				"west": {"uv": [2, 0, 1, 7.5], "rotation": 90, "texture": "#0"},
				"up": {"uv": [2, 0.5, 9.5, 1], "rotation": 90, "texture": "#0"},
				"down": {"uv": [2, 0, 9.5, 0.5], "rotation": 90, "texture": "#0"}
			}
		},
		{
			"from": [7.5, 7.5, -11],
			"to": [8.5, 9.5, -10],
			"rotation": {"angle": 0, "axis": "z", "origin": [8, 0.5, 10]},
			"faces": {
				"north": {"uv": [5, 5, 6, 5.5], "rotation": 270, "texture": "#0"},
				"east": {"uv": [6.5, 2, 5.5, 1.5], "rotation": 90, "texture": "#0"},
				"south": {"uv": [5.5, 1, 6.5, 1.5], "rotation": 90, "texture": "#0"},
				"west": {"uv": [3, 5.5, 2, 6], "rotation": 90, "texture": "#0"},
				"up": {"uv": [7, 4, 7.5, 4.5], "rotation": 90, "texture": "#0"},
				"down": {"uv": [4, 7, 4.5, 7.5], "rotation": 90, "texture": "#0"}
			}
		}
	],
	"display": {
		"thirdperson_righthand": {
			"rotation": [75, 45, 0],
			"translation": [0, 2.5, 0],
			"scale": [0.375, 0.375, 0.375]
		},
		"thirdperson_lefthand": {
			"rotation": [75, 45, 0],
			"translation": [0, 2.5, 0],
			"scale": [0.375, 0.375, 0.375]
		},
		"firstperson_righthand": {
			"rotation": [0, 45, 0],
			"scale": [0.4, 0.4, 0.4]
		},
		"firstperson_lefthand": {
			"rotation": [0, 225, 0],
			"scale": [0.4, 0.4, 0.4]
		},
		"ground": {
			"translation": [0, 3, 0],
			"scale": [0.25, 0.25, 0.25]
		},
		"gui": {
			"rotation": [30, 225, 0],
			"scale": [0.625, 0.625, 0.625]
		},
		"fixed": {
			"scale": [0.5, 0.5, 0.5]
		}
	},
	"groups": [
		0,
		{
			"name": "group",
			"origin": [0, 0, 0],
			"color": 0,
			"children": [1, 2, 3, 4, 5, 6, 7, 8, 9, 10, 11, 12, 13, 14, 15]
		}
	]
}