{
	"credit": "Made with Blockbench",
	"texture_size": [32, 32],
	"textures": {
		"0": "block/anvil",
		"1": "block/spruce_trapdoor",
		"2": "item/stick",
		"particle": "block/anvil"
	},
	"elements": [
		{
			"from": [3, 1, 7],
			"to": [5, 11, 9],
			"faces": {
				"north": {"uv": [0, 2, 2, 13], "texture": "#1"},
				"east": {"uv": [0, 2, 2, 13], "texture": "#1"},
				"south": {"uv": [0, 2, 2, 13], "texture": "#1"},
				"west": {"uv": [0, 2, 2, 13], "texture": "#1"},
				"up": {"uv": [0, 2, 2, 4], "texture": "#1"},
				"down": {"uv": [0, 2, 2, 4], "texture": "#1"}
			}
		},
		{
			"from": [4, -7, 8],
			"to": [20, 9, 8],
			"rotation": {"angle": 45, "axis": "z", "origin": [0, 0, 0]},
			"faces": {
				"north": {"uv": [0, 0, 16, 16], "texture": "#2"},
				"south": {"uv": [0, 0, 16, 16], "rotation": 90, "texture": "#2"}
			}
		},
		{
			"from": [2, 0, 6],
			"to": [6, 1, 10],
			"faces": {
				"north": {"uv": [0, 0, 4, 1], "texture": "#0"},
				"east": {"uv": [0, 0, 4, 1], "texture": "#0"},
				"south": {"uv": [0, 0, 4, 1], "texture": "#0"},
				"west": {"uv": [0, 0, 4, 1], "texture": "#0"},
				"up": {"uv": [0, 0, 4, 4], "texture": "#0"},
				"down": {"uv": [0, 0, 4, 4], "texture": "#0"}
			}
		}
	]
}