{
  "variants": {
    "face=ceiling,facing=east,powered=false": {
      "model": "minecraft:block/bamboo_button",
      "x": 180,
      "y": 270
    },
    "face=ceiling,facing=east,powered=true": {
      "model": "minecraft:block/bamboo_button_pressed",
      "x": 180,
      "y": 270
    },
    "face=ceiling,facing=north,powered=false": {
      "model": "minecraft:block/bamboo_button",
      "x": 180,
      "y": 180
    },
    "face=ceiling,facing=north,powered=true": {
      "model": "minecraft:block/bamboo_button_pressed",
      "x": 180,
      "y": 180
    },
    "face=ceiling,facing=south,powered=false": {
      "model": "minecraft:block/bamboo_button",
      "x": 180
    },
    "face=ceiling,facing=south,powered=true": {
      "model": "minecraft:block/bamboo_button_pressed",
      "x": 180
    },
    "face=ceiling,facing=west,powered=false": {
      "model": "minecraft:block/bamboo_button",
      "x": 180,
      "y": 90
    },
    "face=ceiling,facing=west,powered=true": {
      "model": "minecraft:block/bamboo_button_pressed",
      "x": 180,
      "y": 90
    },
    "face=floor,facing=east,powered=false": [
		{"model": "block/book1","y": 90},
		{"model": "block/book2","y": 90},
		{"model": "block/book3","y": 90},
		{"model": "block/book4","y": 90},
		{"model": "block/book5","y": 90},
		{"model": "block/book6","y": 90},
		{"model": "block/book7","y": 90},
		{"model": "block/book8","y": 90},
		{"model": "block/book9","y": 90},
		{"model": "block/book10","y": 90}
	],
    "face=floor,facing=east,powered=true": [
		{"model": "block/book1","y": 90},
		{"model": "block/book2","y": 90},
		{"model": "block/book3","y": 90},
		{"model": "block/book4","y": 90},
		{"model": "block/book5","y": 90},
		{"model": "block/book6","y": 90},
		{"model": "block/book7","y": 90},
		{"model": "block/book8","y": 90},
		{"model": "block/book9","y": 90},
		{"model": "block/book10","y": 90}
	],
    "face=floor,facing=north,powered=false": [
		{"model": "block/book1"},
		{"model": "block/book2"},
		{"model": "block/book3"},
		{"model": "block/book4"},
		{"model": "block/book5"},
		{"model": "block/book6"},
		{"model": "block/book7"},
		{"model": "block/book8"},
		{"model": "block/book9"},
		{"model": "block/book10"}
	],
    "face=floor,facing=north,powered=true": [
		{"model": "block/book1"},
		{"model": "block/book2"},
		{"model": "block/book3"},
		{"model": "block/book4"},
		{"model": "block/book5"},
		{"model": "block/book6"},
		{"model": "block/book7"},
		{"model": "block/book8"},
		{"model": "block/book9"},
		{"model": "block/book10"}
	],
    "face=floor,facing=south,powered=false": [
		{"model": "block/book1","y": 180},
		{"model": "block/book2","y": 180},
		{"model": "block/book3","y": 180},
		{"model": "block/book4","y": 180},
		{"model": "block/book5","y": 180},
		{"model": "block/book6","y": 180},
		{"model": "block/book7","y": 180},
		{"model": "block/book8","y": 180},
		{"model": "block/book9","y": 180},
		{"model": "block/book10","y": 180}
	],
    "face=floor,facing=south,powered=true": [
		{"model": "block/book1","y": 180},
		{"model": "block/book2","y": 180},
		{"model": "block/book3","y": 180},
		{"model": "block/book4","y": 180},
		{"model": "block/book5","y": 180},
		{"model": "block/book6","y": 180},
		{"model": "block/book7","y": 180},
		{"model": "block/book8","y": 180},
		{"model": "block/book9","y": 180},
		{"model": "block/book10","y": 180}
	],
    "face=floor,facing=west,powered=false": [
		{"model": "block/book1","y": 270},
		{"model": "block/book2","y": 270},
		{"model": "block/book3","y": 270},
		{"model": "block/book4","y": 270},
		{"model": "block/book5","y": 270},
		{"model": "block/book6","y": 270},
		{"model": "block/book7","y": 270},
		{"model": "block/book8","y": 270},
		{"model": "block/book9","y": 270},
		{"model": "block/book10","y": 270}
	],
    "face=floor,facing=west,powered=true": [
		{"model": "block/book1","y": 270},
		{"model": "block/book2","y": 270},
		{"model": "block/book3","y": 270},
		{"model": "block/book4","y": 270},
		{"model": "block/book5","y": 270},
		{"model": "block/book6","y": 270},
		{"model": "block/book7","y": 270},
		{"model": "block/book8","y": 270},
		{"model": "block/book9","y": 270},
		{"model": "block/book10","y": 270}
	],
    "face=wall,facing=east,powered=false": {
      "model": "minecraft:block/bamboo_button",
      "uvlock": true,
      "x": 90,
      "y": 90
    },
    "face=wall,facing=east,powered=true": {
      "model": "minecraft:block/bamboo_button_pressed",
      "uvlock": true,
      "x": 90,
      "y": 90
    },
    "face=wall,facing=north,powered=false": {
      "model": "minecraft:block/bamboo_button",
      "uvlock": true,
      "x": 90
    },
    "face=wall,facing=north,powered=true": {
      "model": "minecraft:block/bamboo_button_pressed",
      "uvlock": true,
      "x": 90
    },
    "face=wall,facing=south,powered=false": {
      "model": "minecraft:block/bamboo_button",
      "uvlock": true,
      "x": 90,
      "y": 180
    },
    "face=wall,facing=south,powered=true": {
      "model": "minecraft:block/bamboo_button_pressed",
      "uvlock": true,
      "x": 90,
      "y": 180
    },
    "face=wall,facing=west,powered=false": {
      "model": "minecraft:block/bamboo_button",
      "uvlock": true,
      "x": 90,
      "y": 270
    },
    "face=wall,facing=west,powered=true": {
      "model": "minecraft:block/bamboo_button_pressed",
      "uvlock": true,
      "x": 90,
      "y": 270
    }
  }
}