{
	"credit": "Made with Blockbench",
	"textures": {
		"particle": "block/spruce_planks",
		"top": "block/spruce_planks",
		"all": "block/candle_lit",
		"edge": "block/brown_stained_glass_pane_top"
	},
	"elements": [
		{
			"name": "lower bar",
			"from": [23, 6, 16],
			"to": [25, 9, 25],
			"rotation": {"angle": 0, "axis": "y", "origin": [-1, 0, 0]},
			"faces": {
				"north": {"uv": [7, 7, 9, 10], "texture": "#top", "cullface": "north"},
				"east": {"uv": [0, 7, 9, 10], "texture": "#top"},
				"south": {"uv": [0, 0, 0, 0], "texture": "#top"},
				"west": {"uv": [0, 7, 9, 10], "texture": "#top"},
				"up": {"uv": [7, 0, 9, 9], "texture": "#top"},
				"down": {"uv": [7, 0, 9, 9], "texture": "#top"}
			}
		},
		{
			"name": "Center post",
			"from": [22, 0, 22],
			"to": [26, 16, 26],
			"faces": {
				"north": {"uv": [6, 0, 10, 16], "texture": "#top"},
				"east": {"uv": [6, 0, 10, 16], "texture": "#top"},
				"south": {"uv": [6, 0, 10, 16], "texture": "#top"},
				"west": {"uv": [6, 0, 10, 16], "texture": "#top"},
				"up": {"uv": [6, 6, 10, 10], "texture": "#top", "cullface": "up"},
				"down": {"uv": [6, 6, 10, 10], "texture": "#top", "cullface": "down"}
			}
		},
		{
			"name": "top bar",
			"from": [23, 12, 16],
			"to": [25, 15, 25],
			"rotation": {"angle": 0, "axis": "y", "origin": [-1, 0, 0]},
			"faces": {
				"north": {"uv": [7, 1, 9, 4], "texture": "#top", "cullface": "north"},
				"east": {"uv": [0, 1, 9, 4], "texture": "#top"},
				"south": {"uv": [0, 0, 0, 0], "texture": "#top"},
				"west": {"uv": [0, 1, 9, 4], "texture": "#top"},
				"up": {"uv": [7, 0, 9, 9], "texture": "#top"},
				"down": {"uv": [7, 0, 9, 9], "texture": "#top"}
			}
		},
		{
			"name": "lower bar",
			"from": [-9, 6, 16],
			"to": [-7, 9, 25],
			"faces": {
				"north": {"uv": [7, 7, 9, 10], "texture": "#top", "cullface": "north"},
				"east": {"uv": [0, 7, 9, 10], "texture": "#top"},
				"south": {"uv": [0, 0, 0, 0], "texture": "#top"},
				"west": {"uv": [0, 7, 9, 10], "texture": "#top"},
				"up": {"uv": [7, 0, 9, 9], "texture": "#top"},
				"down": {"uv": [7, 0, 9, 9], "texture": "#top"}
			}
		},
		{
			"name": "Center post",
			"from": [-10, 0, 22],
			"to": [-6, 16, 26],
			"faces": {
				"north": {"uv": [6, 0, 10, 16], "texture": "#top"},
				"east": {"uv": [6, 0, 10, 16], "texture": "#top"},
				"south": {"uv": [6, 0, 10, 16], "texture": "#top"},
				"west": {"uv": [6, 0, 10, 16], "texture": "#top"},
				"up": {"uv": [6, 6, 10, 10], "texture": "#top", "cullface": "up"},
				"down": {"uv": [6, 6, 10, 10], "texture": "#top", "cullface": "down"}
			}
		},
		{
			"name": "top bar",
			"from": [-9, 12, 16],
			"to": [-7, 15, 25],
			"faces": {
				"north": {"uv": [7, 1, 9, 4], "texture": "#top", "cullface": "north"},
				"east": {"uv": [0, 1, 9, 4], "texture": "#top"},
				"south": {"uv": [0, 0, 0, 0], "texture": "#top"},
				"west": {"uv": [0, 1, 9, 4], "texture": "#top"},
				"up": {"uv": [7, 0, 9, 9], "texture": "#top"},
				"down": {"uv": [7, 0, 9, 9], "texture": "#top"}
			}
		},
		{
			"from": [23.5, 22, 24],
			"to": [24.5, 23, 24],
			"rotation": {"angle": -45, "axis": "y", "origin": [24, 22, 24]},
			"faces": {
				"north": {"uv": [0, 5, 1, 6], "texture": "#all"},
				"south": {"uv": [0, 5, 1, 6], "texture": "#all"},
				"west": {"uv": [0, 0, 0, 0], "texture": "#all"},
				"up": {"uv": [0, 0, 0, 0], "texture": "#all"},
				"down": {"uv": [0, 0, 0, 0], "texture": "#all"}
			}
		},
		{
			"from": [23, 16, 23],
			"to": [25, 22, 25],
			"rotation": {"angle": 0, "axis": "y", "origin": [17, 16, 16]},
			"faces": {
				"north": {"uv": [0, 8, 2, 14], "texture": "#all"},
				"east": {"uv": [0, 8, 2, 14], "texture": "#all"},
				"south": {"uv": [0, 8, 2, 14], "texture": "#all"},
				"west": {"uv": [0, 8, 2, 14], "texture": "#all"},
				"up": {"uv": [0, 6, 2, 8], "texture": "#all"},
				"down": {"uv": [0, 14, 2, 16], "texture": "#all", "cullface": "down"}
			}
		},
		{
			"from": [23.5, 22, 24],
			"to": [24.5, 23, 24],
			"rotation": {"angle": 45, "axis": "y", "origin": [24, 22, 24]},
			"faces": {
				"north": {"uv": [0, 5, 1, 6], "texture": "#all"},
				"east": {"uv": [0, 0, 0, 0], "texture": "#all"},
				"south": {"uv": [0, 5, 1, 6], "texture": "#all"},
				"west": {"uv": [0, 0, 0, 0], "texture": "#all"},
				"up": {"uv": [0, 0, 0, 0], "texture": "#all"},
				"down": {"uv": [0, 0, 0, 0], "texture": "#all"}
			}
		},
		{
			"from": [-8.5, 22, 24],
			"to": [-7.5, 23, 24],
			"rotation": {"angle": -45, "axis": "y", "origin": [-8, 22, 24]},
			"faces": {
				"north": {"uv": [0, 5, 1, 6], "texture": "#all"},
				"south": {"uv": [0, 5, 1, 6], "texture": "#all"},
				"west": {"uv": [0, 0, 0, 0], "texture": "#all"},
				"up": {"uv": [0, 0, 0, 0], "texture": "#all"},
				"down": {"uv": [0, 0, 0, 0], "texture": "#all"}
			}
		},
		{
			"from": [-9, 16, 23],
			"to": [-7, 22, 25],
			"rotation": {"angle": 0, "axis": "y", "origin": [-16, 16, 16]},
			"faces": {
				"north": {"uv": [0, 8, 2, 14], "texture": "#all"},
				"east": {"uv": [0, 8, 2, 14], "texture": "#all"},
				"south": {"uv": [0, 8, 2, 14], "texture": "#all"},
				"west": {"uv": [0, 8, 2, 14], "texture": "#all"},
				"up": {"uv": [0, 6, 2, 8], "texture": "#all"},
				"down": {"uv": [0, 14, 2, 16], "texture": "#all", "cullface": "down"}
			}
		},
		{
			"from": [-8.5, 22, 24],
			"to": [-7.5, 23, 24],
			"rotation": {"angle": 45, "axis": "y", "origin": [-8, 22, 24]},
			"faces": {
				"north": {"uv": [0, 5, 1, 6], "texture": "#all"},
				"east": {"uv": [0, 0, 0, 0], "texture": "#all"},
				"south": {"uv": [0, 5, 1, 6], "texture": "#all"},
				"west": {"uv": [0, 0, 0, 0], "texture": "#all"},
				"up": {"uv": [0, 0, 0, 0], "texture": "#all"},
				"down": {"uv": [0, 0, 0, 0], "texture": "#all"}
			}
		},
		{
			"from": [-9, -16, 23],
			"to": [-7, 0, 25],
			"faces": {
				"north": {"uv": [7, 0, 9, 16], "texture": "#edge"},
				"east": {"uv": [7, 0, 9, 16], "texture": "#edge"},
				"south": {"uv": [7, 0, 9, 16], "texture": "#edge"},
				"west": {"uv": [7, 0, 9, 16], "texture": "#edge"},
				"up": {"uv": [7, 7, 9, 9], "texture": "#edge"},
				"down": {"uv": [7, 7, 9, 9], "texture": "#edge"}
			}
		},
		{
			"from": [23, -16, 23],
			"to": [25, 0, 25],
			"faces": {
				"north": {"uv": [7, 0, 9, 16], "texture": "#edge"},
				"east": {"uv": [7, 0, 9, 16], "texture": "#edge"},
				"south": {"uv": [7, 0, 9, 16], "texture": "#edge"},
				"west": {"uv": [7, 0, 9, 16], "texture": "#edge"},
				"up": {"uv": [7, 7, 9, 9], "texture": "#edge"},
				"down": {"uv": [7, 7, 9, 9], "texture": "#edge"}
			}
		}
	],
	"groups": [
		{
			"name": "cerca",
			"origin": [0, 0, 0],
			"color": 0,
			"children": [
				0,
				1,
				2,
				{
					"name": "cerca",
					"origin": [0, 0, 0],
					"color": 0,
					"children": [
						3,
						4,
						5,
						{
							"name": "vela",
							"origin": [8, 6, 8],
							"color": 0,
							"children": [
								6,
								7,
								8,
								{
									"name": "vela",
									"origin": [8, 6, 8],
									"color": 0,
									"children": [9, 10, 11]
								},
								12,
								13
							]
						}
					]
				}
			]
		}
	]
}