{
	"credit": "Made with Blockbench",
	"textures": {
		"1": "block/g3",
		"2": "block/polished_andesite",
		"particle": "block/g3"
	},
	"elements": [
		{
			"from": [6, 0, 6],
			"to": [10, 1, 10],
			"faces": {
				"north": {"uv": [5, 14, 11, 16], "texture": "#2"},
				"east": {"uv": [6, 14, 10, 16], "texture": "#2"},
				"south": {"uv": [5, 14, 11, 16], "texture": "#2"},
				"west": {"uv": [6, 14, 10, 16], "texture": "#2"},
				"up": {"uv": [5, 10, 11, 6], "texture": "#2"},
				"down": {"uv": [5, 6, 11, 10], "texture": "#2", "cullface": "down"}
			}
		},
		{
			"from": [7, 1, 7],
			"to": [9, 2, 9],
			"faces": {
				"north": {"uv": [14, 15, 16, 16], "texture": "#2"},
				"east": {"uv": [14, 15, 16, 16], "texture": "#2"},
				"south": {"uv": [14, 15, 16, 16], "texture": "#2"},
				"west": {"uv": [14, 15, 16, 16], "texture": "#2"},
				"up": {"uv": [14, 14, 16, 16], "texture": "#2"}
			}
		},
		{
			"from": [6, 2, 6],
			"to": [10, 6, 10],
			"faces": {
				"north": {"uv": [0, 0, 6, 6], "texture": "#1"},
				"east": {"uv": [0, 0, 6, 6], "texture": "#1"},
				"south": {"uv": [0, 0, 6, 6], "texture": "#1"},
				"west": {"uv": [0, 0, 6, 6], "texture": "#1"},
				"up": {"uv": [0, 0, 6, 6], "texture": "#1"},
				"down": {"uv": [0, 0, 6, 6], "texture": "#1"}
			}
		},
		{
			"from": [7.5, 2, 7.5],
			"to": [8.5, 4, 8.5],
			"faces": {
				"north": {"uv": [6, 0, 7, 1], "texture": "#1"},
				"east": {"uv": [6, 0, 7, 1], "texture": "#1"},
				"south": {"uv": [6, 0, 7, 1], "texture": "#1"},
				"west": {"uv": [6, 0, 7, 1], "texture": "#1"},
				"up": {"uv": [6, 0, 7, 1], "texture": "#1"}
			}
		}
	]
}