{
	"credit": "Made with Blockbench",
	"parent": "block/block",
	"textures": {
		"top": "block/spruce_planks",
		"particle": "block/mud_bricks",
		"wall": "block/mud_bricks",
		"all": "block/candle_lit"
	},
	"elements": [
		{
			"name": "Center post",
			"from": [4, 16, 4],
			"to": [12, 32, 12],
			"faces": {
				"north": {"uv": [4, 0, 12, 16], "texture": "#wall"},
				"east": {"uv": [4, 0, 12, 16], "texture": "#wall"},
				"south": {"uv": [4, 0, 12, 16], "texture": "#wall"},
				"west": {"uv": [4, 0, 12, 16], "texture": "#wall"},
				"up": {"uv": [4, 4, 12, 12], "texture": "#wall", "cullface": "up"},
				"down": {"uv": [4, 4, 12, 12], "texture": "#wall", "cullface": "down"}
			}
		},
		{
			"from": [23.5, 22, 8],
			"to": [24.5, 23, 8],
			"rotation": {"angle": -45, "axis": "y", "origin": [24, 22, 8]},
			"faces": {
				"north": {"uv": [0, 5, 1, 6], "texture": "#all"},
				"east": {"uv": [0, 0, 0, 0], "texture": "#all"},
				"south": {"uv": [0, 5, 1, 6], "texture": "#all"},
				"west": {"uv": [0, 0, 0, 0], "texture": "#all"},
				"up": {"uv": [0, 0, 0, 0], "texture": "#all"},
				"down": {"uv": [0, 0, 0, 0], "texture": "#all"}
			}
		},
		{
			"from": [23, 16, 7],
			"to": [25, 22, 9],
			"rotation": {"angle": 0, "axis": "y", "origin": [16, 16, 0]},
			"faces": {
				"north": {"uv": [0, 8, 2, 14], "texture": "#all"},
				"east": {"uv": [0, 8, 2, 14], "texture": "#all"},
				"south": {"uv": [0, 8, 2, 14], "texture": "#all"},
				"west": {"uv": [0, 8, 2, 14], "texture": "#all"},
				"up": {"uv": [0, 6, 2, 8], "texture": "#all"},
				"down": {"uv": [0, 14, 2, 16], "texture": "#all", "cullface": "down"}
			}
		},
		{
			"from": [23.5, 22, 8],
			"to": [24.5, 23, 8],
			"rotation": {"angle": 45, "axis": "y", "origin": [24, 22, 8]},
			"faces": {
				"north": {"uv": [0, 5, 1, 6], "texture": "#all"},
				"east": {"uv": [0, 0, 0, 0], "texture": "#all"},
				"south": {"uv": [0, 5, 1, 6], "texture": "#all"},
				"west": {"uv": [0, 0, 0, 0], "texture": "#all"},
				"up": {"uv": [0, 0, 0, 0], "texture": "#all"},
				"down": {"uv": [0, 0, 0, 0], "texture": "#all"}
			}
		},
		{
			"from": [-8.5, 22, 8],
			"to": [-7.5, 23, 8],
			"rotation": {"angle": -45, "axis": "y", "origin": [-8, 22, 8]},
			"faces": {
				"north": {"uv": [0, 5, 1, 6], "texture": "#all"},
				"east": {"uv": [0, 0, 0, 0], "texture": "#all"},
				"south": {"uv": [0, 5, 1, 6], "texture": "#all"},
				"west": {"uv": [0, 0, 0, 0], "texture": "#all"},
				"up": {"uv": [0, 0, 0, 0], "texture": "#all"},
				"down": {"uv": [0, 0, 0, 0], "texture": "#all"}
			}
		},
		{
			"from": [-9, 16, 7],
			"to": [-7, 22, 9],
			"rotation": {"angle": 0, "axis": "y", "origin": [-16, 16, 0]},
			"faces": {
				"north": {"uv": [0, 8, 2, 14], "texture": "#all"},
				"east": {"uv": [0, 8, 2, 14], "texture": "#all"},
				"south": {"uv": [0, 8, 2, 14], "texture": "#all"},
				"west": {"uv": [0, 8, 2, 14], "texture": "#all"},
				"up": {"uv": [0, 6, 2, 8], "texture": "#all"},
				"down": {"uv": [0, 14, 2, 16], "texture": "#all", "cullface": "down"}
			}
		},
		{
			"from": [-8.5, 22, 8],
			"to": [-7.5, 23, 8],
			"rotation": {"angle": 45, "axis": "y", "origin": [-8, 22, 8]},
			"faces": {
				"north": {"uv": [0, 5, 1, 6], "texture": "#all"},
				"east": {"uv": [0, 0, 0, 0], "texture": "#all"},
				"south": {"uv": [0, 5, 1, 6], "texture": "#all"},
				"west": {"uv": [0, 0, 0, 0], "texture": "#all"},
				"up": {"uv": [0, 0, 0, 0], "texture": "#all"},
				"down": {"uv": [0, 0, 0, 0], "texture": "#all"}
			}
		},
		{
			"from": [7.5, 22, 24],
			"to": [8.5, 23, 24],
			"rotation": {"angle": -45, "axis": "y", "origin": [8, 22, 24]},
			"faces": {
				"north": {"uv": [0, 5, 1, 6], "texture": "#all"},
				"east": {"uv": [0, 0, 0, 0], "texture": "#all"},
				"south": {"uv": [0, 5, 1, 6], "texture": "#all"},
				"west": {"uv": [0, 0, 0, 0], "texture": "#all"},
				"up": {"uv": [0, 0, 0, 0], "texture": "#all"},
				"down": {"uv": [0, 0, 0, 0], "texture": "#all"}
			}
		},
		{
			"from": [7, 16, 23],
			"to": [9, 22, 25],
			"rotation": {"angle": 0, "axis": "y", "origin": [0, 16, 16]},
			"faces": {
				"north": {"uv": [0, 8, 2, 14], "texture": "#all"},
				"east": {"uv": [0, 8, 2, 14], "texture": "#all"},
				"south": {"uv": [0, 8, 2, 14], "texture": "#all"},
				"west": {"uv": [0, 8, 2, 14], "texture": "#all"},
				"up": {"uv": [0, 6, 2, 8], "texture": "#all"},
				"down": {"uv": [0, 14, 2, 16], "texture": "#all", "cullface": "down"}
			}
		},
		{
			"from": [7.5, 22, 24],
			"to": [8.5, 23, 24],
			"rotation": {"angle": 45, "axis": "y", "origin": [8, 22, 24]},
			"faces": {
				"north": {"uv": [0, 5, 1, 6], "texture": "#all"},
				"east": {"uv": [0, 0, 0, 0], "texture": "#all"},
				"south": {"uv": [0, 5, 1, 6], "texture": "#all"},
				"west": {"uv": [0, 0, 0, 0], "texture": "#all"},
				"up": {"uv": [0, 0, 0, 0], "texture": "#all"},
				"down": {"uv": [0, 0, 0, 0], "texture": "#all"}
			}
		},
		{
			"from": [7.5, 22, -8],
			"to": [8.5, 23, -8],
			"rotation": {"angle": -45, "axis": "y", "origin": [8, 22, -8]},
			"faces": {
				"north": {"uv": [0, 5, 1, 6], "texture": "#all"},
				"east": {"uv": [0, 0, 0, 0], "texture": "#all"},
				"south": {"uv": [0, 5, 1, 6], "texture": "#all"},
				"west": {"uv": [0, 0, 0, 0], "texture": "#all"},
				"up": {"uv": [0, 0, 0, 0], "texture": "#all"},
				"down": {"uv": [0, 0, 0, 0], "texture": "#all"}
			}
		},
		{
			"from": [7, 16, -9],
			"to": [9, 22, -7],
			"rotation": {"angle": 0, "axis": "y", "origin": [0, 16, -16]},
			"faces": {
				"north": {"uv": [0, 8, 2, 14], "texture": "#all"},
				"east": {"uv": [0, 8, 2, 14], "texture": "#all"},
				"south": {"uv": [0, 8, 2, 14], "texture": "#all"},
				"west": {"uv": [0, 8, 2, 14], "texture": "#all"},
				"up": {"uv": [0, 6, 2, 8], "texture": "#all"},
				"down": {"uv": [0, 14, 2, 16], "texture": "#all", "cullface": "down"}
			}
		},
		{
			"from": [7.5, 22, -8],
			"to": [8.5, 23, -8],
			"rotation": {"angle": 45, "axis": "y", "origin": [8, 22, -8]},
			"faces": {
				"north": {"uv": [0, 5, 1, 6], "texture": "#all"},
				"east": {"uv": [0, 0, 0, 0], "texture": "#all"},
				"south": {"uv": [0, 5, 1, 6], "texture": "#all"},
				"west": {"uv": [0, 0, 0, 0], "texture": "#all"},
				"up": {"uv": [0, 0, 0, 0], "texture": "#all"},
				"down": {"uv": [0, 0, 0, 0], "texture": "#all"}
			}
		},
		{
			"name": "Center post",
			"from": [6, 0, 6],
			"to": [10, 16, 10],
			"faces": {
				"north": {"uv": [6, 0, 10, 16], "texture": "#top"},
				"east": {"uv": [6, 0, 10, 16], "texture": "#top"},
				"south": {"uv": [6, 0, 10, 16], "texture": "#top"},
				"west": {"uv": [6, 0, 10, 16], "texture": "#top"},
				"up": {"uv": [6, 6, 10, 10], "texture": "#top", "cullface": "up"},
				"down": {"uv": [6, 6, 10, 10], "texture": "#top", "cullface": "down"}
			}
		},
		{
			"name": "Center post",
			"from": [-10, 0, 6],
			"to": [-6, 16, 10],
			"faces": {
				"north": {"uv": [6, 0, 10, 16], "texture": "#top"},
				"east": {"uv": [6, 0, 10, 16], "texture": "#top"},
				"south": {"uv": [6, 0, 10, 16], "texture": "#top"},
				"west": {"uv": [6, 0, 10, 16], "texture": "#top"},
				"up": {"uv": [6, 6, 10, 10], "texture": "#top", "cullface": "up"},
				"down": {"uv": [6, 6, 10, 10], "texture": "#top", "cullface": "down"}
			}
		},
		{
			"name": "Center post",
			"from": [22, 0, 6],
			"to": [26, 16, 10],
			"faces": {
				"north": {"uv": [6, 0, 10, 16], "texture": "#top"},
				"east": {"uv": [6, 0, 10, 16], "texture": "#top"},
				"south": {"uv": [6, 0, 10, 16], "texture": "#top"},
				"west": {"uv": [6, 0, 10, 16], "texture": "#top"},
				"up": {"uv": [6, 6, 10, 10], "texture": "#top", "cullface": "up"},
				"down": {"uv": [6, 6, 10, 10], "texture": "#top", "cullface": "down"}
			}
		},
		{
			"name": "lower bar",
			"from": [7, 6, 0],
			"to": [9, 9, 9],
			"faces": {
				"north": {"uv": [7, 7, 9, 10], "texture": "#top", "cullface": "north"},
				"east": {"uv": [0, 7, 9, 10], "texture": "#top"},
				"south": {"uv": [0, 0, 0, 0], "texture": "#top"},
				"west": {"uv": [0, 7, 9, 10], "texture": "#top"},
				"up": {"uv": [7, 0, 9, 9], "texture": "#top"},
				"down": {"uv": [7, 0, 9, 9], "texture": "#top"}
			}
		},
		{
			"name": "top bar",
			"from": [7, 12, 7],
			"to": [9, 15, 16],
			"faces": {
				"north": {"uv": [7, 1, 9, 4], "texture": "#top", "cullface": "north"},
				"east": {"uv": [0, 1, 9, 4], "texture": "#top"},
				"south": {"uv": [0, 0, 0, 0], "texture": "#top"},
				"west": {"uv": [0, 1, 9, 4], "texture": "#top"},
				"up": {"uv": [7, 0, 9, 9], "texture": "#top"},
				"down": {"uv": [7, 0, 9, 9], "texture": "#top"}
			}
		},
		{
			"name": "lower bar",
			"from": [7, 6, 16],
			"to": [9, 9, 25],
			"faces": {
				"north": {"uv": [7, 7, 9, 10], "texture": "#top", "cullface": "north"},
				"east": {"uv": [0, 7, 9, 10], "texture": "#top"},
				"south": {"uv": [0, 0, 0, 0], "texture": "#top"},
				"west": {"uv": [0, 7, 9, 10], "texture": "#top"},
				"up": {"uv": [7, 0, 9, 9], "texture": "#top"},
				"down": {"uv": [7, 0, 9, 9], "texture": "#top"}
			}
		},
		{
			"name": "top bar",
			"from": [7, 12, 16],
			"to": [9, 15, 25],
			"faces": {
				"north": {"uv": [7, 1, 9, 4], "texture": "#top", "cullface": "north"},
				"east": {"uv": [0, 1, 9, 4], "texture": "#top"},
				"south": {"uv": [0, 0, 0, 0], "texture": "#top"},
				"west": {"uv": [0, 1, 9, 4], "texture": "#top"},
				"up": {"uv": [7, 0, 9, 9], "texture": "#top"},
				"down": {"uv": [7, 0, 9, 9], "texture": "#top"}
			}
		},
		{
			"name": "lower bar",
			"from": [7, 6, 7],
			"to": [9, 9, 16],
			"faces": {
				"north": {"uv": [7, 7, 9, 10], "texture": "#top", "cullface": "north"},
				"east": {"uv": [0, 7, 9, 10], "texture": "#top"},
				"south": {"uv": [0, 0, 0, 0], "texture": "#top"},
				"west": {"uv": [0, 7, 9, 10], "texture": "#top"},
				"up": {"uv": [7, 0, 9, 9], "texture": "#top"},
				"down": {"uv": [7, 0, 9, 9], "texture": "#top"}
			}
		},
		{
			"name": "top bar",
			"from": [7, 12, 0],
			"to": [9, 15, 9],
			"faces": {
				"north": {"uv": [7, 1, 9, 4], "texture": "#top", "cullface": "north"},
				"east": {"uv": [0, 1, 9, 4], "texture": "#top"},
				"south": {"uv": [0, 0, 0, 0], "texture": "#top"},
				"west": {"uv": [0, 1, 9, 4], "texture": "#top"},
				"up": {"uv": [7, 0, 9, 9], "texture": "#top"},
				"down": {"uv": [7, 0, 9, 9], "texture": "#top"}
			}
		},
		{
			"name": "lower bar",
			"from": [7, 6, -9],
			"to": [9, 9, 0],
			"faces": {
				"north": {"uv": [7, 7, 9, 10], "texture": "#top", "cullface": "north"},
				"east": {"uv": [0, 7, 9, 10], "texture": "#top"},
				"south": {"uv": [0, 0, 0, 0], "texture": "#top"},
				"west": {"uv": [0, 7, 9, 10], "texture": "#top"},
				"up": {"uv": [7, 0, 9, 9], "texture": "#top"},
				"down": {"uv": [7, 0, 9, 9], "texture": "#top"}
			}
		},
		{
			"name": "top bar",
			"from": [7, 12, -9],
			"to": [9, 15, 0],
			"faces": {
				"north": {"uv": [7, 1, 9, 4], "texture": "#top", "cullface": "north"},
				"east": {"uv": [0, 1, 9, 4], "texture": "#top"},
				"south": {"uv": [0, 0, 0, 0], "texture": "#top"},
				"west": {"uv": [0, 1, 9, 4], "texture": "#top"},
				"up": {"uv": [7, 0, 9, 9], "texture": "#top"},
				"down": {"uv": [7, 0, 9, 9], "texture": "#top"}
			}
		},
		{
			"name": "top bar",
			"from": [0, 12, 7],
			"to": [9, 15, 9],
			"faces": {
				"north": {"uv": [0, 1, 9, 4], "texture": "#top"},
				"east": {"uv": [0, 0, 0, 0], "texture": "#top"},
				"south": {"uv": [0, 1, 9, 4], "texture": "#top"},
				"west": {"uv": [7, 1, 9, 4], "texture": "#top", "cullface": "north"},
				"up": {"uv": [7, 0, 9, 9], "rotation": 270, "texture": "#top"},
				"down": {"uv": [7, 0, 9, 9], "rotation": 90, "texture": "#top"}
			}
		},
		{
			"name": "lower bar",
			"from": [-9, 6, 7],
			"to": [0, 9, 9],
			"faces": {
				"north": {"uv": [0, 7, 9, 10], "texture": "#top"},
				"east": {"uv": [0, 0, 0, 0], "texture": "#top"},
				"south": {"uv": [0, 7, 9, 10], "texture": "#top"},
				"west": {"uv": [7, 7, 9, 10], "texture": "#top", "cullface": "north"},
				"up": {"uv": [7, 0, 9, 9], "rotation": 270, "texture": "#top"},
				"down": {"uv": [7, 0, 9, 9], "rotation": 90, "texture": "#top"}
			}
		},
		{
			"name": "top bar",
			"from": [-9, 12, 7],
			"to": [0, 15, 9],
			"faces": {
				"north": {"uv": [0, 1, 9, 4], "texture": "#top"},
				"east": {"uv": [0, 0, 0, 0], "texture": "#top"},
				"south": {"uv": [0, 1, 9, 4], "texture": "#top"},
				"west": {"uv": [7, 1, 9, 4], "texture": "#top", "cullface": "north"},
				"up": {"uv": [7, 0, 9, 9], "rotation": 270, "texture": "#top"},
				"down": {"uv": [7, 0, 9, 9], "rotation": 90, "texture": "#top"}
			}
		},
		{
			"name": "lower bar",
			"from": [0, 6, 7],
			"to": [9, 9, 9],
			"faces": {
				"north": {"uv": [0, 7, 9, 10], "texture": "#top"},
				"east": {"uv": [0, 0, 0, 0], "texture": "#top"},
				"south": {"uv": [0, 7, 9, 10], "texture": "#top"},
				"west": {"uv": [7, 7, 9, 10], "texture": "#top", "cullface": "north"},
				"up": {"uv": [7, 0, 9, 9], "rotation": 270, "texture": "#top"},
				"down": {"uv": [7, 0, 9, 9], "rotation": 90, "texture": "#top"}
			}
		},
		{
			"name": "top bar",
			"from": [7, 12, 7],
			"to": [16, 15, 9],
			"faces": {
				"north": {"uv": [0, 1, 9, 4], "texture": "#top"},
				"east": {"uv": [0, 0, 0, 0], "texture": "#top"},
				"south": {"uv": [0, 1, 9, 4], "texture": "#top"},
				"west": {"uv": [7, 1, 9, 4], "texture": "#top", "cullface": "north"},
				"up": {"uv": [7, 0, 9, 9], "rotation": 270, "texture": "#top"},
				"down": {"uv": [7, 0, 9, 9], "rotation": 90, "texture": "#top"}
			}
		},
		{
			"name": "lower bar",
			"from": [16, 6, 7],
			"to": [25, 9, 9],
			"faces": {
				"north": {"uv": [0, 7, 9, 10], "texture": "#top"},
				"east": {"uv": [0, 0, 0, 0], "texture": "#top"},
				"south": {"uv": [0, 7, 9, 10], "texture": "#top"},
				"west": {"uv": [7, 7, 9, 10], "texture": "#top", "cullface": "north"},
				"up": {"uv": [7, 0, 9, 9], "rotation": 270, "texture": "#top"},
				"down": {"uv": [7, 0, 9, 9], "rotation": 90, "texture": "#top"}
			}
		},
		{
			"name": "top bar",
			"from": [16, 12, 7],
			"to": [25, 15, 9],
			"faces": {
				"north": {"uv": [0, 1, 9, 4], "texture": "#top"},
				"east": {"uv": [0, 0, 0, 0], "texture": "#top"},
				"south": {"uv": [0, 1, 9, 4], "texture": "#top"},
				"west": {"uv": [7, 1, 9, 4], "texture": "#top", "cullface": "north"},
				"up": {"uv": [7, 0, 9, 9], "rotation": 270, "texture": "#top"},
				"down": {"uv": [7, 0, 9, 9], "rotation": 90, "texture": "#top"}
			}
		},
		{
			"name": "lower bar",
			"from": [7, 6, 7],
			"to": [16, 9, 9],
			"faces": {
				"north": {"uv": [0, 7, 9, 10], "texture": "#top"},
				"east": {"uv": [0, 0, 0, 0], "texture": "#top"},
				"south": {"uv": [0, 7, 9, 10], "texture": "#top"},
				"west": {"uv": [7, 7, 9, 10], "texture": "#top", "cullface": "north"},
				"up": {"uv": [7, 0, 9, 9], "rotation": 270, "texture": "#top"},
				"down": {"uv": [7, 0, 9, 9], "rotation": 90, "texture": "#top"}
			}
		},
		{
			"name": "Center post",
			"from": [6, 0, -10],
			"to": [10, 16, -6],
			"faces": {
				"north": {"uv": [6, 0, 10, 16], "texture": "#top"},
				"east": {"uv": [6, 0, 10, 16], "texture": "#top"},
				"south": {"uv": [6, 0, 10, 16], "texture": "#top"},
				"west": {"uv": [6, 0, 10, 16], "texture": "#top"},
				"up": {"uv": [6, 6, 10, 10], "texture": "#top", "cullface": "up"},
				"down": {"uv": [6, 6, 10, 10], "texture": "#top", "cullface": "down"}
			}
		},
		{
			"name": "Center post",
			"from": [6, 0, -10],
			"to": [10, 16, -6],
			"faces": {
				"north": {"uv": [6, 0, 10, 16], "texture": "#top"},
				"east": {"uv": [6, 0, 10, 16], "texture": "#top"},
				"south": {"uv": [6, 0, 10, 16], "texture": "#top"},
				"west": {"uv": [6, 0, 10, 16], "texture": "#top"},
				"up": {"uv": [6, 6, 10, 10], "texture": "#top", "cullface": "up"},
				"down": {"uv": [6, 6, 10, 10], "texture": "#top", "cullface": "down"}
			}
		},
		{
			"name": "Center post",
			"from": [6, 0, 22],
			"to": [10, 16, 26],
			"faces": {
				"north": {"uv": [6, 0, 10, 16], "texture": "#top"},
				"east": {"uv": [6, 0, 10, 16], "texture": "#top"},
				"south": {"uv": [6, 0, 10, 16], "texture": "#top"},
				"west": {"uv": [6, 0, 10, 16], "texture": "#top"},
				"up": {"uv": [6, 6, 10, 10], "texture": "#top", "cullface": "up"},
				"down": {"uv": [6, 6, 10, 10], "texture": "#top", "cullface": "down"}
			}
		},
		{
			"name": "lower bar",
			"from": [7, 6, 0],
			"to": [9, 9, 9],
			"faces": {
				"north": {"uv": [7, 7, 9, 10], "texture": "#top", "cullface": "north"},
				"east": {"uv": [0, 7, 9, 10], "texture": "#top"},
				"south": {"uv": [0, 0, 0, 0], "texture": "#top"},
				"west": {"uv": [0, 7, 9, 10], "texture": "#top"},
				"up": {"uv": [7, 0, 9, 9], "texture": "#top"},
				"down": {"uv": [7, 0, 9, 9], "texture": "#top"}
			}
		},
		{
			"name": "top bar",
			"from": [7, 12, 0],
			"to": [9, 15, 9],
			"faces": {
				"north": {"uv": [7, 1, 9, 4], "texture": "#top", "cullface": "north"},
				"east": {"uv": [0, 1, 9, 4], "texture": "#top"},
				"south": {"uv": [0, 0, 0, 0], "texture": "#top"},
				"west": {"uv": [0, 1, 9, 4], "texture": "#top"},
				"up": {"uv": [7, 0, 9, 9], "texture": "#top"},
				"down": {"uv": [7, 0, 9, 9], "texture": "#top"}
			}
		},
		{
			"from": [-8, -16, 0],
			"to": [0, -8, 16],
			"faces": {
				"north": {"uv": [8, 0, 16, 8], "rotation": 180, "texture": "#top", "cullface": "south"},
				"east": {"uv": [0, 0, 16, 8], "rotation": 180, "texture": "#top", "cullface": "east"},
				"south": {"uv": [0, 0, 8, 8], "rotation": 180, "texture": "#top", "cullface": "north"},
				"west": {"uv": [0, 0, 16, 8], "rotation": 180, "texture": "#top"},
				"down": {"uv": [8, 0, 16, 16], "texture": "#top", "cullface": "up"}
			}
		},
		{
			"from": [-16, -8, 0],
			"to": [0, 0, 16],
			"faces": {
				"north": {"uv": [0, 8, 16, 16], "rotation": 180, "texture": "#top", "cullface": "south"},
				"east": {"uv": [0, 8, 16, 16], "rotation": 180, "texture": "#top", "cullface": "east"},
				"south": {"uv": [0, 8, 16, 16], "rotation": 180, "texture": "#top", "cullface": "north"},
				"west": {"uv": [0, 8, 16, 16], "rotation": 180, "texture": "#top", "cullface": "west"},
				"up": {"uv": [0, 0, 16, 16], "texture": "#top", "cullface": "down"},
				"down": {"uv": [0, 0, 16, 16], "texture": "#top"}
			}
		},
		{
			"from": [16, -16, 0],
			"to": [24, -8, 16],
			"faces": {
				"north": {"uv": [0, 0, 8, 8], "rotation": 180, "texture": "#top", "cullface": "north"},
				"east": {"uv": [0, 0, 16, 8], "rotation": 180, "texture": "#top"},
				"south": {"uv": [8, 0, 16, 8], "rotation": 180, "texture": "#top", "cullface": "south"},
				"west": {"uv": [0, 0, 16, 8], "rotation": 180, "texture": "#top", "cullface": "east"},
				"down": {"uv": [8, 0, 16, 16], "rotation": 180, "texture": "#top", "cullface": "up"}
			}
		},
		{
			"from": [16, -8, 0],
			"to": [32, 0, 16],
			"faces": {
				"north": {"uv": [0, 8, 16, 16], "rotation": 180, "texture": "#top", "cullface": "north"},
				"east": {"uv": [0, 8, 16, 16], "rotation": 180, "texture": "#top", "cullface": "west"},
				"south": {"uv": [0, 8, 16, 16], "rotation": 180, "texture": "#top", "cullface": "south"},
				"west": {"uv": [0, 8, 16, 16], "rotation": 180, "texture": "#top", "cullface": "east"},
				"up": {"uv": [0, 0, 16, 16], "rotation": 180, "texture": "#top", "cullface": "down"},
				"down": {"uv": [0, 0, 16, 16], "rotation": 180, "texture": "#top"}
			}
		},
		{
			"from": [0, -16, -8],
			"to": [16, -8, 0],
			"faces": {
				"north": {"uv": [0, 0, 16, 8], "rotation": 180, "texture": "#top"},
				"east": {"uv": [8, 0, 16, 8], "rotation": 180, "texture": "#top", "cullface": "south"},
				"south": {"uv": [0, 0, 16, 8], "rotation": 180, "texture": "#top", "cullface": "east"},
				"west": {"uv": [0, 0, 8, 8], "rotation": 180, "texture": "#top", "cullface": "north"},
				"down": {"uv": [8, 0, 16, 16], "rotation": 270, "texture": "#top", "cullface": "up"}
			}
		},
		{
			"from": [0, -8, -16],
			"to": [16, 0, 0],
			"faces": {
				"north": {"uv": [0, 8, 16, 16], "rotation": 180, "texture": "#top", "cullface": "west"},
				"east": {"uv": [0, 8, 16, 16], "rotation": 180, "texture": "#top", "cullface": "south"},
				"south": {"uv": [0, 8, 16, 16], "rotation": 180, "texture": "#top", "cullface": "east"},
				"west": {"uv": [0, 8, 16, 16], "rotation": 180, "texture": "#top", "cullface": "north"},
				"up": {"uv": [0, 0, 16, 16], "rotation": 90, "texture": "#top", "cullface": "down"},
				"down": {"uv": [0, 0, 16, 16], "rotation": 270, "texture": "#top"}
			}
		},
		{
			"from": [0, -16, 16],
			"to": [16, -8, 24],
			"faces": {
				"north": {"uv": [0, 0, 16, 8], "rotation": 180, "texture": "#top", "cullface": "east"},
				"east": {"uv": [0, 0, 8, 8], "rotation": 180, "texture": "#top", "cullface": "north"},
				"south": {"uv": [0, 0, 16, 8], "rotation": 180, "texture": "#top"},
				"west": {"uv": [8, 0, 16, 8], "rotation": 180, "texture": "#top", "cullface": "south"},
				"down": {"uv": [8, 0, 16, 16], "rotation": 90, "texture": "#top", "cullface": "up"}
			}
		},
		{
			"from": [0, -8, 16],
			"to": [16, 0, 32],
			"faces": {
				"north": {"uv": [0, 8, 16, 16], "rotation": 180, "texture": "#top", "cullface": "east"},
				"east": {"uv": [0, 8, 16, 16], "rotation": 180, "texture": "#top", "cullface": "north"},
				"south": {"uv": [0, 8, 16, 16], "rotation": 180, "texture": "#top", "cullface": "west"},
				"west": {"uv": [0, 8, 16, 16], "rotation": 180, "texture": "#top", "cullface": "south"},
				"up": {"uv": [0, 0, 16, 16], "rotation": 270, "texture": "#top", "cullface": "down"},
				"down": {"uv": [0, 0, 16, 16], "rotation": 90, "texture": "#top"}
			}
		},
		{
			"name": "lower bar",
			"from": [-16, -10, 23],
			"to": [-7, -7, 25],
			"faces": {
				"north": {"uv": [7, 7, 9, 10], "texture": "#top", "cullface": "north"},
				"east": {"uv": [7, 7, 9, 10], "texture": "#top", "cullface": "north"},
				"south": {"uv": [7, 7, 9, 10], "texture": "#top", "cullface": "north"},
				"west": {"uv": [7, 7, 9, 10], "texture": "#top", "cullface": "north"},
				"up": {"uv": [7, 7, 9, 10], "rotation": 270, "texture": "#top", "cullface": "north"},
				"down": {"uv": [7, 7, 9, 10], "rotation": 90, "texture": "#top", "cullface": "north"}
			}
		},
		{
			"name": "top bar",
			"from": [-16, -4, 23],
			"to": [-7, -1, 25],
			"faces": {
				"north": {"uv": [7, 1, 9, 4], "texture": "#top", "cullface": "north"},
				"east": {"uv": [7, 1, 9, 4], "texture": "#top", "cullface": "north"},
				"south": {"uv": [7, 1, 9, 4], "texture": "#top", "cullface": "north"},
				"west": {"uv": [7, 1, 9, 4], "texture": "#top", "cullface": "north"},
				"up": {"uv": [7, 1, 9, 4], "rotation": 270, "texture": "#top", "cullface": "north"},
				"down": {"uv": [7, 1, 9, 4], "rotation": 90, "texture": "#top", "cullface": "north"}
			}
		},
		{
			"name": "Center post",
			"from": [-10, -16, 22],
			"to": [-6, 0, 26],
			"faces": {
				"north": {"uv": [6, 0, 10, 16], "texture": "#top"},
				"east": {"uv": [6, 0, 10, 16], "texture": "#top"},
				"south": {"uv": [6, 0, 10, 16], "texture": "#top"},
				"west": {"uv": [6, 0, 10, 16], "texture": "#top"},
				"up": {"uv": [6, 6, 10, 10], "texture": "#top"},
				"down": {"uv": [6, 6, 10, 10], "texture": "#top"}
			}
		},
		{
			"name": "lower bar",
			"from": [-16, -10, -9],
			"to": [-7, -7, -7],
			"faces": {
				"north": {"uv": [7, 7, 9, 10], "texture": "#top", "cullface": "north"},
				"east": {"uv": [7, 7, 9, 10], "texture": "#top", "cullface": "north"},
				"south": {"uv": [7, 7, 9, 10], "texture": "#top", "cullface": "north"},
				"west": {"uv": [7, 7, 9, 10], "texture": "#top", "cullface": "north"},
				"up": {"uv": [7, 7, 9, 10], "rotation": 270, "texture": "#top", "cullface": "north"},
				"down": {"uv": [7, 7, 9, 10], "rotation": 90, "texture": "#top", "cullface": "north"}
			}
		},
		{
			"name": "top bar",
			"from": [-16, -4, -9],
			"to": [-7, -1, -7],
			"faces": {
				"north": {"uv": [7, 1, 9, 4], "texture": "#top", "cullface": "north"},
				"east": {"uv": [7, 1, 9, 4], "texture": "#top", "cullface": "north"},
				"south": {"uv": [7, 1, 9, 4], "texture": "#top", "cullface": "north"},
				"west": {"uv": [7, 1, 9, 4], "texture": "#top", "cullface": "north"},
				"up": {"uv": [7, 1, 9, 4], "rotation": 270, "texture": "#top", "cullface": "north"},
				"down": {"uv": [7, 1, 9, 4], "rotation": 90, "texture": "#top", "cullface": "north"}
			}
		},
		{
			"name": "lower bar",
			"from": [-9, -10, -16],
			"to": [-7, -7, -7],
			"faces": {
				"north": {"uv": [7, 7, 9, 10], "texture": "#top", "cullface": "north"},
				"east": {"uv": [7, 7, 9, 10], "texture": "#top", "cullface": "north"},
				"south": {"uv": [7, 7, 9, 10], "texture": "#top", "cullface": "north"},
				"west": {"uv": [7, 7, 9, 10], "texture": "#top", "cullface": "north"},
				"up": {"uv": [7, 7, 9, 10], "texture": "#top", "cullface": "north"},
				"down": {"uv": [7, 7, 9, 10], "texture": "#top", "cullface": "north"}
			}
		},
		{
			"name": "top bar",
			"from": [-9, -4, -16],
			"to": [-7, -1, -7],
			"faces": {
				"north": {"uv": [7, 1, 9, 4], "texture": "#top", "cullface": "north"},
				"east": {"uv": [7, 1, 9, 4], "texture": "#top", "cullface": "north"},
				"south": {"uv": [7, 1, 9, 4], "texture": "#top", "cullface": "north"},
				"west": {"uv": [7, 1, 9, 4], "texture": "#top", "cullface": "north"},
				"up": {"uv": [7, 1, 9, 4], "texture": "#top", "cullface": "north"},
				"down": {"uv": [7, 1, 9, 4], "texture": "#top", "cullface": "north"}
			}
		},
		{
			"name": "Center post",
			"from": [-10, -16, -10],
			"to": [-6, 0, -6],
			"faces": {
				"north": {"uv": [6, 0, 10, 16], "texture": "#top"},
				"east": {"uv": [6, 0, 10, 16], "texture": "#top"},
				"south": {"uv": [6, 0, 10, 16], "texture": "#top"},
				"west": {"uv": [6, 0, 10, 16], "texture": "#top"},
				"up": {"uv": [6, 6, 10, 10], "texture": "#top"},
				"down": {"uv": [6, 6, 10, 10], "texture": "#top"}
			}
		},
		{
			"name": "lower bar",
			"from": [-9, -10, 23],
			"to": [-7, -7, 32],
			"faces": {
				"north": {"uv": [7, 7, 9, 10], "texture": "#top", "cullface": "north"},
				"east": {"uv": [7, 7, 9, 10], "texture": "#top", "cullface": "north"},
				"south": {"uv": [7, 7, 9, 10], "texture": "#top", "cullface": "north"},
				"west": {"uv": [7, 7, 9, 10], "texture": "#top", "cullface": "north"},
				"up": {"uv": [7, 7, 9, 10], "texture": "#top", "cullface": "north"},
				"down": {"uv": [7, 7, 9, 10], "texture": "#top", "cullface": "north"}
			}
		},
		{
			"name": "top bar",
			"from": [-9, -4, 23],
			"to": [-7, -1, 32],
			"faces": {
				"north": {"uv": [7, 1, 9, 4], "texture": "#top", "cullface": "north"},
				"east": {"uv": [7, 1, 9, 4], "texture": "#top", "cullface": "north"},
				"south": {"uv": [7, 1, 9, 4], "texture": "#top", "cullface": "north"},
				"west": {"uv": [7, 1, 9, 4], "texture": "#top", "cullface": "north"},
				"up": {"uv": [7, 1, 9, 4], "texture": "#top", "cullface": "north"},
				"down": {"uv": [7, 1, 9, 4], "texture": "#top", "cullface": "north"}
			}
		},
		{
			"name": "lower bar",
			"from": [23, -10, 23],
			"to": [25, -7, 32],
			"faces": {
				"north": {"uv": [7, 7, 9, 10], "texture": "#top", "cullface": "north"},
				"east": {"uv": [7, 7, 9, 10], "texture": "#top", "cullface": "north"},
				"south": {"uv": [7, 7, 9, 10], "texture": "#top", "cullface": "north"},
				"west": {"uv": [7, 7, 9, 10], "texture": "#top", "cullface": "north"},
				"up": {"uv": [7, 7, 9, 10], "rotation": 180, "texture": "#top", "cullface": "north"},
				"down": {"uv": [7, 7, 9, 10], "rotation": 180, "texture": "#top", "cullface": "north"}
			}
		},
		{
			"name": "top bar",
			"from": [23, -4, 23],
			"to": [25, -1, 32],
			"faces": {
				"north": {"uv": [7, 1, 9, 4], "texture": "#top", "cullface": "north"},
				"east": {"uv": [7, 1, 9, 4], "texture": "#top", "cullface": "north"},
				"south": {"uv": [7, 1, 9, 4], "texture": "#top", "cullface": "north"},
				"west": {"uv": [7, 1, 9, 4], "texture": "#top", "cullface": "north"},
				"up": {"uv": [7, 1, 9, 4], "rotation": 180, "texture": "#top", "cullface": "north"},
				"down": {"uv": [7, 1, 9, 4], "rotation": 180, "texture": "#top", "cullface": "north"}
			}
		},
		{
			"name": "Center post",
			"from": [22, -16, 22],
			"to": [26, 0, 26],
			"faces": {
				"north": {"uv": [6, 0, 10, 16], "texture": "#top"},
				"east": {"uv": [6, 0, 10, 16], "texture": "#top"},
				"south": {"uv": [6, 0, 10, 16], "texture": "#top"},
				"west": {"uv": [6, 0, 10, 16], "texture": "#top"},
				"up": {"uv": [6, 6, 10, 10], "rotation": 270, "texture": "#top"},
				"down": {"uv": [6, 6, 10, 10], "rotation": 90, "texture": "#top"}
			}
		},
		{
			"name": "lower bar",
			"from": [23, -10, 23],
			"to": [32, -7, 25],
			"faces": {
				"north": {"uv": [7, 7, 9, 10], "texture": "#top", "cullface": "north"},
				"east": {"uv": [7, 7, 9, 10], "texture": "#top", "cullface": "north"},
				"south": {"uv": [7, 7, 9, 10], "texture": "#top", "cullface": "north"},
				"west": {"uv": [7, 7, 9, 10], "texture": "#top", "cullface": "north"},
				"up": {"uv": [7, 7, 9, 10], "rotation": 270, "texture": "#top", "cullface": "north"},
				"down": {"uv": [7, 7, 9, 10], "rotation": 90, "texture": "#top", "cullface": "north"}
			}
		},
		{
			"name": "top bar",
			"from": [23, -4, 23],
			"to": [32, -1, 25],
			"faces": {
				"north": {"uv": [7, 1, 9, 4], "texture": "#top", "cullface": "north"},
				"east": {"uv": [7, 1, 9, 4], "texture": "#top", "cullface": "north"},
				"south": {"uv": [7, 1, 9, 4], "texture": "#top", "cullface": "north"},
				"west": {"uv": [7, 1, 9, 4], "texture": "#top", "cullface": "north"},
				"up": {"uv": [7, 1, 9, 4], "rotation": 270, "texture": "#top", "cullface": "north"},
				"down": {"uv": [7, 1, 9, 4], "rotation": 90, "texture": "#top", "cullface": "north"}
			}
		},
		{
			"name": "lower bar",
			"from": [23, -10, -16],
			"to": [25, -7, -7],
			"faces": {
				"north": {"uv": [7, 7, 9, 10], "texture": "#top", "cullface": "north"},
				"east": {"uv": [7, 7, 9, 10], "texture": "#top", "cullface": "north"},
				"south": {"uv": [7, 7, 9, 10], "texture": "#top", "cullface": "north"},
				"west": {"uv": [7, 7, 9, 10], "texture": "#top", "cullface": "north"},
				"up": {"uv": [7, 7, 9, 10], "rotation": 180, "texture": "#top", "cullface": "north"},
				"down": {"uv": [7, 7, 9, 10], "rotation": 180, "texture": "#top", "cullface": "north"}
			}
		},
		{
			"name": "top bar",
			"from": [23, -4, -16],
			"to": [25, -1, -7],
			"faces": {
				"north": {"uv": [7, 1, 9, 4], "texture": "#top", "cullface": "north"},
				"east": {"uv": [7, 1, 9, 4], "texture": "#top", "cullface": "north"},
				"south": {"uv": [7, 1, 9, 4], "texture": "#top", "cullface": "north"},
				"west": {"uv": [7, 1, 9, 4], "texture": "#top", "cullface": "north"},
				"up": {"uv": [7, 1, 9, 4], "rotation": 180, "texture": "#top", "cullface": "north"},
				"down": {"uv": [7, 1, 9, 4], "rotation": 180, "texture": "#top", "cullface": "north"}
			}
		},
		{
			"name": "Center post",
			"from": [22, -16, -10],
			"to": [26, 0, -6],
			"faces": {
				"north": {"uv": [6, 0, 10, 16], "texture": "#top"},
				"east": {"uv": [6, 0, 10, 16], "texture": "#top"},
				"south": {"uv": [6, 0, 10, 16], "texture": "#top"},
				"west": {"uv": [6, 0, 10, 16], "texture": "#top"},
				"up": {"uv": [6, 6, 10, 10], "rotation": 270, "texture": "#top"},
				"down": {"uv": [6, 6, 10, 10], "rotation": 90, "texture": "#top"}
			}
		},
		{
			"name": "lower bar",
			"from": [23, -10, -9],
			"to": [32, -7, -7],
			"faces": {
				"north": {"uv": [7, 7, 9, 10], "texture": "#top", "cullface": "north"},
				"east": {"uv": [7, 7, 9, 10], "texture": "#top", "cullface": "north"},
				"south": {"uv": [7, 7, 9, 10], "texture": "#top", "cullface": "north"},
				"west": {"uv": [7, 7, 9, 10], "texture": "#top", "cullface": "north"},
				"up": {"uv": [7, 7, 9, 10], "rotation": 270, "texture": "#top", "cullface": "north"},
				"down": {"uv": [7, 7, 9, 10], "rotation": 90, "texture": "#top", "cullface": "north"}
			}
		},
		{
			"name": "top bar",
			"from": [23, -4, -9],
			"to": [32, -1, -7],
			"faces": {
				"north": {"uv": [7, 1, 9, 4], "texture": "#top", "cullface": "north"},
				"east": {"uv": [7, 1, 9, 4], "texture": "#top", "cullface": "north"},
				"south": {"uv": [7, 1, 9, 4], "texture": "#top", "cullface": "north"},
				"west": {"uv": [7, 1, 9, 4], "texture": "#top", "cullface": "north"},
				"up": {"uv": [7, 1, 9, 4], "rotation": 270, "texture": "#top", "cullface": "north"},
				"down": {"uv": [7, 1, 9, 4], "rotation": 90, "texture": "#top", "cullface": "north"}
			}
		}
	],
	"display": {
		"thirdperson_lefthand": {
			"rotation": [75, -135, 0],
			"translation": [0, 2.5, 0],
			"scale": [0.375, 0.375, 0.375]
		},
		"gui": {
			"rotation": [30, 135, 0],
			"scale": [0.625, 0.625, 0.625]
		},
		"head": {
			"rotation": [0, -90, 0]
		}
	},
	"groups": [
		{
			"name": "l1",
			"origin": [8, 8, 8],
			"color": 0,
			"children": [
				0,
				{
					"name": "vela",
					"origin": [8, 6, 8],
					"color": 0,
					"children": [
						1,
						2,
						3,
						{
							"name": "vela",
							"origin": [8, 6, 8],
							"color": 0,
							"children": [
								4,
								5,
								6,
								{
									"name": "vela",
									"origin": [8, 6, 8],
									"color": 0,
									"children": [
										7,
										8,
										9,
										{
											"name": "vela",
											"origin": [8, 6, 8],
											"color": 0,
											"children": [10, 11, 12]
										}
									]
								}
							]
						}
					]
				}
			]
		},
		{
			"name": "l2",
			"origin": [8, 8, 8],
			"color": 0,
			"children": [13, 14, 15, 16, 17, 18, 19, 20, 21, 22, 23, 24, 25, 26, 27, 28, 29, 30, 31, 32, 33, 34, 35, 36]
		},
		{
			"name": "l3",
			"origin": [0, 0, 0],
			"color": 0,
			"children": [
				{
					"name": "escada",
					"origin": [0, 0, 0],
					"color": 0,
					"children": [
						37,
						38,
						{
							"name": "escada",
							"origin": [0, 0, 0],
							"color": 0,
							"children": [39, 40]
						},
						{
							"name": "escada",
							"origin": [0, 0, 0],
							"color": 0,
							"children": [
								41,
								42,
								{
									"name": "escada",
									"origin": [0, 0, 0],
									"color": 0,
									"children": [43, 44]
								}
							]
						}
					]
				},
				{
					"name": "cerca",
					"origin": [0, 0, 0],
					"color": 0,
					"children": [45, 46, 47, 48, 49, 50, 51, 52, 53, 54]
				},
				{
					"name": "cerca",
					"origin": [0, 0, 0],
					"color": 0,
					"children": [
						55,
						56,
						57,
						58,
						59,
						{
							"name": "cerca",
							"origin": [0, 0, 0],
							"color": 0,
							"children": [60, 61, 62, 63, 64]
						}
					]
				}
			]
		}
	]
}