{
	"credit": "Made with Blockbench",
	"texture_size": [4, 4],
	"textures": {
		"particle": "block/pino"
	},
	"elements": [
		{
			"from": [15, 0, -4],
			"to": [15, 13, 2],
			"rotation": {"angle": -45, "axis": "y", "origin": [3, 0, 0]},
			"faces": {
				"north": {"uv": [0, 0, 0, 13], "texture": "#particle"},
				"east": {"uv": [0, 0, 6, 13], "texture": "#particle"},
				"south": {"uv": [0, 0, 0, 13], "texture": "#particle"},
				"west": {"uv": [0, 0, 6, 13], "texture": "#particle"},
				"up": {"uv": [0, 6, 0, 0], "texture": "#particle"},
				"down": {"uv": [0, 0, 0, 6], "texture": "#particle"}
			}
		},
		{
			"from": [4, 0, 9],
			"to": [4, 13, 15],
			"rotation": {"angle": 45, "axis": "y", "origin": [3, 0, 0]},
			"faces": {
				"north": {"uv": [0, 0, 0, 13], "texture": "#particle"},
				"east": {"uv": [0, 0, 6, 13], "texture": "#particle"},
				"south": {"uv": [0, 0, 0, 13], "texture": "#particle"},
				"west": {"uv": [0, 0, 6, 13], "texture": "#particle"},
				"up": {"uv": [0, 6, 0, 0], "texture": "#particle"},
				"down": {"uv": [0, 0, 0, 6], "texture": "#particle"}
			}
		},
		{
			"from": [7, 0, 0],
			"to": [7, 13, 6],
			"rotation": {"angle": -45, "axis": "y", "origin": [-5, 0, 4]},
			"faces": {
				"north": {"uv": [0, 0, 0, 13], "texture": "#particle"},
				"east": {"uv": [0, 0, 6, 13], "texture": "#particle"},
				"south": {"uv": [0, 0, 0, 13], "texture": "#particle"},
				"west": {"uv": [0, 0, 6, 13], "texture": "#particle"},
				"up": {"uv": [0, 6, 0, 0], "texture": "#particle"},
				"down": {"uv": [0, 0, 0, 6], "texture": "#particle"}
			}
		},
		{
			"from": [-4, 0, 13],
			"to": [-4, 13, 19],
			"rotation": {"angle": 45, "axis": "y", "origin": [-5, 0, 4]},
			"faces": {
				"north": {"uv": [0, 0, 0, 13], "texture": "#particle"},
				"east": {"uv": [0, 0, 6, 13], "texture": "#particle"},
				"south": {"uv": [0, 0, 0, 13], "texture": "#particle"},
				"west": {"uv": [0, 0, 6, 13], "texture": "#particle"},
				"up": {"uv": [0, 6, 0, 0], "texture": "#particle"},
				"down": {"uv": [0, 0, 0, 6], "texture": "#particle"}
			}
		},
		{
			"from": [7, 0, -8],
			"to": [7, 13, -2],
			"rotation": {"angle": -45, "axis": "y", "origin": [-5, 0, -4]},
			"faces": {
				"north": {"uv": [0, 0, 0, 13], "texture": "#particle"},
				"east": {"uv": [0, 0, 6, 13], "texture": "#particle"},
				"south": {"uv": [0, 0, 0, 13], "texture": "#particle"},
				"west": {"uv": [0, 0, 6, 13], "texture": "#particle"},
				"up": {"uv": [0, 6, 0, 0], "texture": "#particle"},
				"down": {"uv": [0, 0, 0, 6], "texture": "#particle"}
			}
		},
		{
			"from": [-4, 0, 5],
			"to": [-4, 13, 11],
			"rotation": {"angle": 45, "axis": "y", "origin": [-5, 0, -4]},
			"faces": {
				"north": {"uv": [0, 0, 0, 13], "texture": "#particle"},
				"east": {"uv": [0, 0, 6, 13], "texture": "#particle"},
				"south": {"uv": [0, 0, 0, 13], "texture": "#particle"},
				"west": {"uv": [0, 0, 6, 13], "texture": "#particle"},
				"up": {"uv": [0, 6, 0, 0], "texture": "#particle"},
				"down": {"uv": [0, 0, 0, 6], "texture": "#particle"}
			}
		}
	],
	"groups": [
		{
			"name": "pino",
			"origin": [3, 0, -3],
			"color": 0,
			"children": [0, 1]
		},
		{
			"name": "pino",
			"origin": [3, 0, -3],
			"color": 0,
			"children": [2, 3]
		},
		{
			"name": "pino",
			"origin": [3, 0, -3],
			"color": 0,
			"children": [4, 5]
		}
	]
}