{
	"credit": "Made with Blockbench",
	"texture_size": [80, 74],
	"textures": {
		"0": "block/gold_capybara",
		"particle": "block/gold_capybara"
	},
	"elements": [
		{
			"name": "corpo",
			"from": [2, 6, -2],
			"to": [14, 16, 14],
			"rotation": {"angle": 22.5, "axis": "x", "origin": [0, 0, 1]},
			"faces": {
				"north": {"uv": [4.4, 4.75676, 7.2, 7.78378], "texture": "#0"},
				"east": {"uv": [0, 4.8, 4.4, 7.75], "texture": "#0"},
				"south": {"uv": [11.4, 4.75676, 14.4, 7.78378], "texture": "#0"},
				"west": {"uv": [7.2, 4.75676, 11.4, 7.78378], "texture": "#0"},
				"up": {"uv": [4.4, 0, 7.2, 4.75676], "texture": "#0"},
				"down": {"uv": [7.2, 0, 10, 4.75676], "texture": "#0"}
			}
		},
		{
			"name": "tras dir",
			"from": [2.25, 0, 10],
			"to": [6.25, 2, 16],
			"rotation": {"angle": 0, "axis": "y", "origin": [0, 0, 1]},
			"faces": {
				"north": {"uv": [2, 0, 3, 1.08108], "texture": "#0"},
				"east": {"uv": [0, 1.08108, 1, 3.45946], "rotation": 270, "texture": "#0"},
				"south": {"uv": [1, 0, 2, 1.08108], "texture": "#0"},
				"west": {"uv": [2, 1.08108, 3, 3.45946], "rotation": 90, "texture": "#0"},
				"up": {"uv": [2, 3.45946, 1, 1.08108], "texture": "#0"},
				"down": {"uv": [4, 1.08108, 3, 3.45946], "texture": "#0"}
			}
		},
		{
			"name": "tras esq",
			"from": [9.75, 0, 10],
			"to": [13.75, 2, 16],
			"rotation": {"angle": 0, "axis": "y", "origin": [0, 0, 1]},
			"faces": {
				"north": {"uv": [2, 0, 3, 1.08108], "texture": "#0"},
				"east": {"uv": [0, 1.08108, 1, 3.45946], "rotation": 270, "texture": "#0"},
				"south": {"uv": [1, 0, 2, 1.08108], "texture": "#0"},
				"west": {"uv": [2, 1.08108, 3, 3.45946], "rotation": 90, "texture": "#0"},
				"up": {"uv": [2, 3.45946, 1, 1.08108], "texture": "#0"},
				"down": {"uv": [4, 1.08108, 3, 3.45946], "texture": "#0"}
			}
		},
		{
			"name": "p frente dir",
			"from": [2.25, 0, 0.7],
			"to": [6.25, 7, 4.7],
			"rotation": {"angle": 0, "axis": "y", "origin": [0, 0, 1]},
			"faces": {
				"north": {"uv": [10.8, 0.86486, 11.6, 3.24324], "texture": "#0"},
				"east": {"uv": [10, 0.86486, 10.8, 3.24324], "texture": "#0"},
				"south": {"uv": [12.4, 0.86486, 13.2, 3.24324], "texture": "#0"},
				"west": {"uv": [11.6, 0.86486, 12.4, 3.24324], "texture": "#0"},
				"up": {"uv": [11.6, 0.86486, 10.8, 0], "texture": "#0"},
				"down": {"uv": [12.4, 0.86486, 11.6, 0], "texture": "#0"}
			}
		},
		{
			"name": "p frente esq",
			"from": [9.75, 0, 0.7],
			"to": [13.75, 7, 4.7],
			"rotation": {"angle": 0, "axis": "y", "origin": [0, 0, 1]},
			"faces": {
				"north": {"uv": [10.8, 0.86486, 11.6, 3.24324], "texture": "#0"},
				"east": {"uv": [10, 0.86486, 10.8, 3.24324], "texture": "#0"},
				"south": {"uv": [12.4, 0.86486, 13.2, 3.24324], "texture": "#0"},
				"west": {"uv": [11.6, 0.86486, 12.4, 3.24324], "texture": "#0"},
				"up": {"uv": [11.6, 0.86486, 10.8, 0], "texture": "#0"},
				"down": {"uv": [12.4, 0, 11.6, 0.86486], "texture": "#0"}
			}
		},
		{
			"name": "orelha dir",
			"from": [4.09619, 18, 4.59619],
			"to": [5.09619, 20, 6.59619],
			"rotation": {"angle": -45, "axis": "y", "origin": [4.59619, 19, 5.59619]},
			"faces": {
				"north": {"uv": [0.6, 4.10811, 0.8, 4.75676], "texture": "#0"},
				"east": {"uv": [1, 4.10811, 1.6, 4.75676], "texture": "#0"},
				"south": {"uv": [0.6, 3.45946, 0.8, 4.10811], "texture": "#0"},
				"west": {"uv": [0, 4.10811, 0.6, 4.75676], "rotation": 90, "texture": "#0"},
				"up": {"uv": [0.8, 4.75676, 1, 4.10811], "texture": "#0"},
				"down": {"uv": [0.8, 3.45946, 1, 4.10811], "texture": "#0"}
			}
		},
		{
			"name": "orelha esq",
			"from": [10.16726, 18, 4.88909],
			"to": [11.16726, 20, 6.88909],
			"rotation": {"angle": 45, "axis": "y", "origin": [11, 19, 5]},
			"faces": {
				"north": {"uv": [0.6, 3.45946, 0.8, 4.10811], "texture": "#0"},
				"east": {"uv": [0, 4.10811, 0.6, 4.75676], "rotation": 90, "texture": "#0"},
				"south": {"uv": [0.6, 4.10811, 0.8, 4.75676], "texture": "#0"},
				"west": {"uv": [1, 4.10811, 1.6, 4.75676], "texture": "#0"},
				"up": {"uv": [0.8, 4.75676, 1, 4.10811], "rotation": 180, "texture": "#0"},
				"down": {"uv": [0.8, 3.45946, 1, 4.10811], "rotation": 180, "texture": "#0"}
			}
		},
		{
			"name": "cabeca",
			"from": [5, 11, -7],
			"to": [11, 19, 6],
			"rotation": {"angle": 0, "axis": "y", "origin": [0, 0, 1]},
			"faces": {
				"north": {"uv": [2.8, 10.81081, 4.4, 12.97297], "texture": "#0"},
				"east": {"uv": [0, 10.81081, 2.8, 12.97297], "texture": "#0"},
				"south": {"uv": [7.2, 10.81081, 8.8, 12.97297], "texture": "#0"},
				"west": {"uv": [4.4, 10.81081, 7.2, 12.97297], "texture": "#0"},
				"up": {"uv": [4.4, 10.81081, 2.8, 7.78378], "texture": "#0"},
				"down": {"uv": [6, 7.78378, 4.4, 10.81081], "texture": "#0"}
			}
		}
	]
}