{
	"credit": "Made with Blockbench",
	"textures": {
		"0": "block/livros",
		"1": "item/map",
		"particle": "block/livros"
	},
	"elements": [
		{
			"from": [2, 0, 6],
			"to": [10, 2, 17],
			"rotation": {"angle": 22.5, "axis": "y", "origin": [0, 0, 0]},
			"faces": {
				"north": {"uv": [11, 11, 4, 9], "texture": "#1"},
				"east": {"uv": [3, 7, 14, 9], "texture": "#1"},
				"south": {"uv": [4, 11, 11, 9], "texture": "#1"},
				"west": {"uv": [2, 6, 0, 12], "rotation": 270, "texture": "#0"},
				"up": {"uv": [0, 0, 0, 0], "texture": "#0"},
				"down": {"uv": [0, 0, 0, 0], "texture": "#0"}
			}
		},
		{
			"from": [2, 2, 6],
			"to": [10, 4, 17],
			"rotation": {"angle": 22.5, "axis": "y", "origin": [0, 0, 0]},
			"faces": {
				"north": {"uv": [11, 11, 4, 9], "texture": "#1"},
				"east": {"uv": [3, 7, 14, 9], "texture": "#1"},
				"south": {"uv": [4, 11, 11, 9], "texture": "#1"},
				"west": {"uv": [6, 12, 0, 14], "rotation": 180, "texture": "#0"},
				"up": {"uv": [6, 16, 0, 12], "rotation": 90, "texture": "#0"},
				"down": {"uv": [0, 0, 0, 0], "texture": "#0"}
			}
		},
		{
			"from": [-3, 8, 7],
			"to": [5, 10, 18],
			"rotation": {"angle": 45, "axis": "y", "origin": [0, 0, 0]},
			"faces": {
				"north": {"uv": [11, 11, 4, 9], "texture": "#1"},
				"east": {"uv": [3, 7, 14, 9], "texture": "#1"},
				"south": {"uv": [4, 11, 11, 9], "texture": "#1"},
				"west": {"uv": [6, 0, 4, 6], "rotation": 270, "texture": "#0"},
				"up": {"uv": [4, 0, 8, 6], "texture": "#0"},
				"down": {"uv": [4, 6, 8, 0], "texture": "#0"}
			}
		},
		{
			"from": [6, 4, 3],
			"to": [14, 6, 14],
			"faces": {
				"north": {"uv": [11, 11, 4, 9], "texture": "#1"},
				"east": {"uv": [3, 7, 14, 9], "texture": "#1"},
				"south": {"uv": [4, 11, 11, 9], "texture": "#1"},
				"west": {"uv": [8, 0, 10, 6], "rotation": 270, "texture": "#0"},
				"up": {"uv": [8, 0, 12, 6], "texture": "#0"},
				"down": {"uv": [8, 0, 12, 6], "texture": "#0"}
			}
		},
		{
			"from": [2, 6, 6],
			"to": [10, 8, 17],
			"rotation": {"angle": 22.5, "axis": "y", "origin": [0, 0, 0]},
			"faces": {
				"north": {"uv": [11, 11, 4, 9], "texture": "#1"},
				"east": {"uv": [3, 7, 14, 9], "texture": "#1"},
				"south": {"uv": [4, 11, 11, 9], "texture": "#1"},
				"west": {"uv": [6, 6, 4, 12], "rotation": 270, "texture": "#0"},
				"up": {"uv": [4, 6, 8, 12], "texture": "#0"},
				"down": {"uv": [4, 12, 8, 6], "texture": "#0"}
			}
		}
	]
}