{
	"credit": "Made with Blockbench",
	"textures": {
		"0": "item/map",
		"1": "block/livros",
		"particle": "item/map"
	},
	"elements": [
		{
			"from": [8, 0, 1],
			"to": [16, 2, 12],
			"rotation": {"angle": 22.5, "axis": "y", "origin": [16, 0, 16]},
			"faces": {
				"north": {"uv": [4, 11, 11, 9], "texture": "#0"},
				"east": {"uv": [8, 6, 10, 0], "rotation": 90, "texture": "#1"},
				"south": {"uv": [11, 11, 4, 9], "texture": "#0"},
				"west": {"uv": [3, 7, 14, 9], "texture": "#0"},
				"up": {"uv": [8, 6, 12, 0], "texture": "#1"},
				"down": {"uv": [12, 0, 8, 6], "texture": "#1"}
			}
		},
		{
			"from": [-3, 2, 7],
			"to": [5, 4, 18],
			"rotation": {"angle": 45, "axis": "y", "origin": [0, 0, 0]},
			"faces": {
				"north": {"uv": [11, 11, 4, 9], "texture": "#0"},
				"east": {"uv": [3, 7, 14, 9], "texture": "#0"},
				"south": {"uv": [4, 11, 11, 9], "texture": "#0"},
				"west": {"uv": [4, 6, 6, 0], "rotation": 90, "texture": "#1"},
				"up": {"uv": [8, 0, 4, 6], "texture": "#1"},
				"down": {"uv": [4, 6, 8, 0], "texture": "#1"}
			}
		},
		{
			"from": [5, 4, 3],
			"to": [13, 6, 14],
			"rotation": {"angle": 0, "axis": "y", "origin": [16, 0, 16]},
			"faces": {
				"north": {"uv": [4, 11, 11, 9], "texture": "#0"},
				"east": {"uv": [12, 6, 14, 0], "rotation": 90, "texture": "#1"},
				"south": {"uv": [11, 11, 4, 9], "texture": "#0"},
				"west": {"uv": [3, 7, 14, 9], "texture": "#0"},
				"up": {"uv": [12, 6, 16, 0], "texture": "#1"},
				"down": {"uv": [16, 0, 12, 6], "texture": "#1"}
			}
		},
		{
			"from": [3, 6, 7],
			"to": [11, 8, 18],
			"rotation": {"angle": -22.5, "axis": "y", "origin": [16, 0, 16]},
			"faces": {
				"north": {"uv": [11, 11, 4, 9], "texture": "#0"},
				"east": {"uv": [3, 7, 14, 9], "texture": "#0"},
				"south": {"uv": [4, 11, 11, 9], "texture": "#0"},
				"west": {"uv": [0, 6, 2, 0], "rotation": 90, "texture": "#1"},
				"up": {"uv": [0, 6, 4, 0], "rotation": 180, "texture": "#1"},
				"down": {"uv": [4, 0, 0, 6], "rotation": 180, "texture": "#1"}
			}
		}
	]
}