{
	"credit": "Made with Blockbench",
	"textures": {
		"0": "item/map",
		"1": "block/livros",
		"particle": "item/map"
	},
	"elements": [
		{
			"from": [2, 0, 5],
			"to": [13, 2, 12],
			"rotation": {"angle": 0, "axis": "y", "origin": [0, -2, 16]},
			"faces": {
				"north": {"uv": [3, 7, 14, 9], "texture": "#0"},
				"east": {"uv": [4, 11, 11, 9], "texture": "#0"},
				"south": {"uv": [0, 6, 2, 0], "rotation": 90, "texture": "#1"},
				"west": {"uv": [11, 11, 4, 9], "texture": "#0"},
				"up": {"uv": [0, 0, 4, 6], "rotation": 270, "texture": "#1"},
				"down": {"uv": [4, 0, 0, 6], "rotation": 90, "texture": "#1"}
			}
		},
		{
			"from": [0, 2, 1],
			"to": [11, 4, 8],
			"rotation": {"angle": 22.5, "axis": "y", "origin": [16, -2, 0]},
			"faces": {
				"north": {"uv": [8, 12, 10, 6], "rotation": 90, "texture": "#1"},
				"east": {"uv": [11, 11, 4, 9], "texture": "#0"},
				"south": {"uv": [3, 7, 14, 9], "texture": "#0"},
				"west": {"uv": [4, 11, 11, 9], "texture": "#0"},
				"up": {"uv": [8, 12, 12, 6], "rotation": 270, "texture": "#1"},
				"down": {"uv": [8, 12, 12, 6], "rotation": 90, "texture": "#1"}
			}
		},
		{
			"from": [5, 4, 1],
			"to": [16, 6, 8],
			"rotation": {"angle": -22.5, "axis": "y", "origin": [0, -2, 0]},
			"faces": {
				"north": {"uv": [12, 0, 14, 6], "rotation": 90, "texture": "#1"},
				"east": {"uv": [11, 11, 4, 9], "texture": "#0"},
				"south": {"uv": [3, 7, 14, 9], "texture": "#0"},
				"west": {"uv": [4, 11, 11, 9], "texture": "#0"},
				"up": {"uv": [12, 0, 16, 6], "rotation": 270, "texture": "#1"},
				"down": {"uv": [12, 0, 16, 6], "rotation": 90, "texture": "#1"}
			}
		},
		{
			"from": [0, 6, 0],
			"to": [7, 8, 11],
			"rotation": {"angle": -22.5, "axis": "y", "origin": [0, -2, 16]},
			"faces": {
				"north": {"uv": [4, 11, 11, 9], "texture": "#0"},
				"east": {"uv": [12, 12, 14, 6], "rotation": 90, "texture": "#1"},
				"south": {"uv": [11, 11, 4, 9], "texture": "#0"},
				"west": {"uv": [3, 7, 14, 9], "texture": "#0"},
				"up": {"uv": [12, 12, 16, 6], "texture": "#1"},
				"down": {"uv": [12, 12, 16, 6], "texture": "#1"}
			}
		},
		{
			"from": [12, 8, 5],
			"to": [19, 10, 16],
			"rotation": {"angle": -45, "axis": "y", "origin": [16, -2, 0]},
			"faces": {
				"north": {"uv": [11, 11, 4, 9], "texture": "#0"},
				"east": {"uv": [3, 7, 14, 9], "texture": "#0"},
				"south": {"uv": [4, 11, 11, 9], "texture": "#0"},
				"west": {"uv": [12, 14, 6, 12], "rotation": 180, "texture": "#1"},
				"up": {"uv": [12, 12, 6, 16], "rotation": 270, "texture": "#1"},
				"down": {"uv": [12, 12, 6, 16], "rotation": 270, "texture": "#1"}
			}
		}
	]
}