{
	"credit": "Made with Blockbench",
	"textures": {
		"0": "block/livros",
		"1": "item/map",
		"particle": "block/livros"
	},
	"elements": [
		{
			"from": [7, 0, 0],
			"to": [14, 2, 11],
			"rotation": {"angle": -22.5, "axis": "y", "origin": [0, -2, 0]},
			"faces": {
				"north": {"uv": [4, 11, 11, 9], "texture": "#1"},
				"east": {"uv": [10, 6, 8, 12], "rotation": 270, "texture": "#0"},
				"south": {"uv": [11, 11, 4, 9], "texture": "#1"},
				"west": {"uv": [3, 7, 14, 9], "texture": "#1"},
				"up": {"uv": [8, 6, 12, 12], "rotation": 180, "texture": "#0"},
				"down": {"uv": [8, 6, 12, 12], "rotation": 180, "texture": "#0"}
			}
		},
		{
			"from": [8, 2, -4],
			"to": [16, 4, 7],
			"rotation": {"angle": -45, "axis": "y", "origin": [0, -2, 0]},
			"faces": {
				"north": {"uv": [11, 11, 4, 9], "texture": "#1"},
				"east": {"uv": [3, 7, 14, 9], "texture": "#1"},
				"south": {"uv": [4, 11, 11, 9], "texture": "#1"},
				"west": {"uv": [4, 6, 6, 12], "rotation": 270, "texture": "#0"},
				"up": {"uv": [4, 6, 8, 12], "rotation": 270, "texture": "#0"},
				"down": {"uv": [4, 6, 8, 12], "rotation": 90, "texture": "#0"}
			}
		},
		{
			"from": [-1, 4, 8],
			"to": [10, 6, 16],
			"rotation": {"angle": 22.5, "axis": "y", "origin": [0, -2, 0]},
			"faces": {
				"north": {"uv": [3, 7, 14, 9], "texture": "#1"},
				"east": {"uv": [4, 11, 11, 9], "texture": "#1"},
				"south": {"uv": [6, 0, 4, 6], "rotation": 270, "texture": "#0"},
				"west": {"uv": [11, 11, 4, 9], "texture": "#1"},
				"up": {"uv": [4, 0, 8, 6], "rotation": 270, "texture": "#0"},
				"down": {"uv": [4, 0, 8, 6], "rotation": 270, "texture": "#0"}
			}
		},
		{
			"from": [-6, 6, 8],
			"to": [5, 8, 16],
			"rotation": {"angle": 45, "axis": "y", "origin": [0, -2, 0]},
			"faces": {
				"north": {"uv": [3, 7, 14, 9], "texture": "#1"},
				"east": {"uv": [4, 11, 11, 9], "texture": "#1"},
				"south": {"uv": [14, 6, 12, 12], "rotation": 270, "texture": "#0"},
				"west": {"uv": [11, 11, 4, 9], "texture": "#1"},
				"up": {"uv": [12, 6, 16, 12], "rotation": 270, "texture": "#0"},
				"down": {"uv": [12, 6, 16, 12], "texture": "#0"}
			}
		}
	]
}