{
	"credit": "Made with Blockbench",
	"textures": {
		"0": "block/livros",
		"1": "item/map",
		"particle": "block/livros"
	},
	"elements": [
		{
			"from": [-5, 0, 6],
			"to": [3, 2, 17],
			"rotation": {"angle": 45, "axis": "y", "origin": [0, 0, 0]},
			"faces": {
				"north": {"uv": [4, 11, 11, 9], "texture": "#1"},
				"east": {"uv": [6, 0, 4, 6], "rotation": 270, "texture": "#0"},
				"south": {"uv": [11, 11, 4, 9], "texture": "#1"},
				"west": {"uv": [3, 7, 14, 9], "texture": "#1"},
				"up": {"uv": [4, 0, 8, 6], "texture": "#0"},
				"down": {"uv": [4, 0, 8, 6], "texture": "#0"}
			}
		},
		{
			"from": [3, 2, 3],
			"to": [11, 4, 14],
			"faces": {
				"north": {"uv": [11, 11, 4, 9], "texture": "#1"},
				"east": {"uv": [3, 7, 14, 9], "texture": "#1"},
				"south": {"uv": [4, 11, 11, 9], "texture": "#1"},
				"west": {"uv": [10, 6, 8, 12], "rotation": 270, "texture": "#0"},
				"up": {"uv": [8, 6, 12, 12], "texture": "#0"},
				"down": {"uv": [8, 6, 12, 12], "texture": "#0"}
			}
		},
		{
			"from": [-5, 4, 6],
			"to": [3, 6, 17],
			"rotation": {"angle": 45, "axis": "y", "origin": [0, 0, 0]},
			"faces": {
				"north": {"uv": [4, 11, 11, 9], "texture": "#1"},
				"east": {"uv": [0, 12, 6, 14], "texture": "#0"},
				"south": {"uv": [11, 11, 4, 9], "texture": "#1"},
				"west": {"uv": [3, 7, 14, 9], "texture": "#1"},
				"up": {"uv": [0, 12, 6, 16], "rotation": 270, "texture": "#0"},
				"down": {"uv": [0, 12, 6, 16], "rotation": 270, "texture": "#0"}
			}
		}
	]
}