{
	"credit": "Made with Blockbench",
	"textures": {
		"0": "block/livros",
		"1": "item/map",
		"particle": "block/livros"
	},
	"elements": [
		{
			"from": [0, 0, 4],
			"to": [8, 2, 15],
			"rotation": {"angle": 22.5, "axis": "y", "origin": [0, 0, 0]},
			"faces": {
				"north": {"uv": [4, 11, 11, 9], "texture": "#1"},
				"east": {"uv": [6, 0, 4, 6], "rotation": 270, "texture": "#0"},
				"south": {"uv": [11, 11, 4, 9], "texture": "#1"},
				"west": {"uv": [3, 7, 14, 9], "texture": "#1"},
				"up": {"uv": [4, 0, 8, 6], "texture": "#0"},
				"down": {"uv": [8, 0, 4, 6], "texture": "#0"}
			}
		},
		{
			"from": [-4, 2, 4],
			"to": [4, 4, 15],
			"rotation": {"angle": 45, "axis": "y", "origin": [0, 0, 0]},
			"faces": {
				"north": {"uv": [4, 11, 11, 9], "texture": "#1"},
				"east": {"uv": [10, 0, 8, 6], "rotation": 270, "texture": "#0"},
				"south": {"uv": [11, 11, 4, 9], "texture": "#1"},
				"west": {"uv": [3, 7, 14, 9], "texture": "#1"},
				"up": {"uv": [8, 0, 12, 6], "texture": "#0"},
				"down": {"uv": [8, 0, 12, 6], "texture": "#0"}
			}
		}
	]
}