{
	"credit": "Made with Blockbench",
	"textures": {
		"0": "block/livros",
		"1": "item/map",
		"particle": "block/livros"
	},
	"elements": [
		{
			"from": [8, 0, 1],
			"to": [16, 2, 12],
			"rotation": {"angle": 22.5, "axis": "y", "origin": [16, 0, 16]},
			"faces": {
				"north": {"uv": [4, 11, 11, 9], "texture": "#1"},
				"east": {"uv": [6, 12, 4, 6], "rotation": 270, "texture": "#0"},
				"south": {"uv": [11, 11, 4, 9], "texture": "#1"},
				"west": {"uv": [3, 7, 14, 9], "texture": "#1"},
				"up": {"uv": [8, 6, 4, 12], "texture": "#0"},
				"down": {"uv": [8, 6, 4, 12], "texture": "#0"}
			}
		},
		{
			"from": [12, 2, 1],
			"to": [20, 4, 12],
			"rotation": {"angle": 45, "axis": "y", "origin": [16, 0, 16]},
			"faces": {
				"north": {"uv": [4, 11, 11, 9], "texture": "#1"},
				"east": {"uv": [12, 12, 6, 14], "texture": "#0"},
				"south": {"uv": [11, 11, 4, 9], "texture": "#1"},
				"west": {"uv": [3, 7, 14, 9], "texture": "#1"},
				"up": {"uv": [12, 16, 6, 12], "rotation": 270, "texture": "#0"},
				"down": {"uv": [6, 16, 12, 12], "rotation": 270, "texture": "#0"}
			}
		},
		{
			"from": [1, 4, 8],
			"to": [12, 6, 16],
			"rotation": {"angle": -22.5, "axis": "y", "origin": [16, 0, 16]},
			"faces": {
				"north": {"uv": [0, 14, 6, 12], "rotation": 180, "texture": "#0"},
				"east": {"uv": [11, 11, 4, 9], "texture": "#1"},
				"south": {"uv": [3, 7, 14, 9], "texture": "#1"},
				"west": {"uv": [4, 11, 11, 9], "texture": "#1"},
				"up": {"uv": [6, 12, 0, 16], "rotation": 180, "texture": "#0"},
				"down": {"uv": [0, 16, 6, 12], "texture": "#0"}
			}
		}
	]
}