{
	"credit": "Made with Blockbench",
	"textures": {
		"0": "block/polished_andesite",
		"1": "block/red_nether_bricks",
		"2": "block/arrow",
		"particle": "block/polished_andesite"
	},
	"elements": [
		{
			"from": [6.5, 2.5, 6.5],
			"to": [9.5, 2.6, 9.5],
			"faces": {
				"north": {"uv": [0, 5, 6, 6], "texture": "#2"},
				"east": {"uv": [0, 5, 6, 6], "texture": "#2"},
				"south": {"uv": [0, 5, 6, 6], "texture": "#2"},
				"west": {"uv": [0, 5, 6, 6], "texture": "#2"},
				"up": {"uv": [0, 0, 6, 6], "texture": "#2"},
				"down": {"uv": [0, 6, 6, 0], "texture": "#2"}
			}
		},
		{
			"from": [5, 1, 6],
			"to": [11, 2.5, 10],
			"faces": {
				"north": {"uv": [0, 3, 6, 7], "texture": "#1"},
				"east": {"uv": [0, 3, 4, 7], "texture": "#1"},
				"south": {"uv": [0, 3, 6, 7], "texture": "#1"},
				"west": {"uv": [0, 3, 4, 7], "texture": "#1"},
				"up": {"uv": [9, 5, 15, 9], "texture": "#1"},
				"down": {"uv": [9, 5, 15, 9], "texture": "#1"}
			}
		},
		{
			"from": [4, 0, 5],
			"to": [12, 1, 11],
			"faces": {
				"north": {"uv": [0, 0, 8, 1], "texture": "#0"},
				"east": {"uv": [0, 0, 6, 1], "texture": "#0"},
				"south": {"uv": [0, 0, 8, 1], "texture": "#0"},
				"west": {"uv": [0, 0, 6, 1], "texture": "#0"},
				"up": {"uv": [0, 0, 8, 6], "texture": "#0"},
				"down": {"uv": [0, 0, 8, 6], "texture": "#0"}
			}
		}
	],
	"display": {
		"thirdperson_righthand": {
			"translation": [0, 3, 0],
			"scale": [0.42, 0.42, 0.42]
		},
		"thirdperson_lefthand": {
			"translation": [0, 3, 0],
			"scale": [0.42, 0.42, 0.42]
		},
		"firstperson_righthand": {
			"translation": [0, 4.5, 0],
			"scale": [0.44, 0.44, 0.44]
		},
		"firstperson_lefthand": {
			"translation": [0, 4.5, 0],
			"scale": [0.44, 0.44, 0.44]
		},
		"ground": {
			"translation": [0, 5.5, 0]
		},
		"gui": {
			"rotation": [90, 0, 0],
			"scale": [1.27, 1.27, 1.27]
		},
		"head": {
			"translation": [0, 14.5, 0]
		},
		"fixed": {
			"rotation": [-90, 180, 0],
			"translation": [0, 0, -7.75]
		}
	}
}