{
	"credit": "Made with Blockbench",
	"textures": {
		"0": "block/dark_oak_trapdoor",
		"1": "block/cafeteira",
		"3": "block/gold_block",
		"4": "block/gramophone_top",
		"5": "block/music_disc",
		"6": "block/glowstone",
		"particle": "block/dark_oak_trapdoor"
	},
	"elements": [
		{
			"from": [23.40701, 9, 0.05839],
			"to": [23.40701, 25, 16.05839],
			"rotation": {"angle": 22.5, "axis": "z", "origin": [16.30701, 0, 0.05839]},
			"faces": {
				"east": {"uv": [0, 0, 16, 16], "texture": "#4"}
			}
		},
		{
			"from": [15.97632, 7.20288, 0.05839],
			"to": [17.97632, 23.20288, 16.05839],
			"rotation": {"angle": 22.5, "axis": "z", "origin": [9.12431, 12.50103, 7.1827]},
			"faces": {
				"north": {"uv": [0, 0, 2, 16], "texture": "#3"},
				"east": {"uv": [0, 0, 16, 16], "texture": "#3"},
				"south": {"uv": [0, 0, 2, 16], "texture": "#3"},
				"west": {"uv": [0, 0, 16, 16], "texture": "#3"},
				"up": {"uv": [0, 0, 16, 2], "rotation": 90, "texture": "#3"},
				"down": {"uv": [0, 0, 16, 2], "rotation": 270, "texture": "#3"}
			}
		},
		{
			"from": [11.97632, 9.20288, 2.05839],
			"to": [15.97632, 21.20288, 14.05839],
			"rotation": {"angle": 22.5, "axis": "z", "origin": [9.12431, 12.50103, 7.1827]},
			"faces": {
				"north": {"uv": [0, 0, 4, 12], "texture": "#3"},
				"south": {"uv": [0, 0, 4, 12], "texture": "#3"},
				"west": {"uv": [0, 0, 12, 12], "texture": "#3"},
				"up": {"uv": [0, 0, 12, 4], "rotation": 90, "texture": "#3"},
				"down": {"uv": [0, 0, 12, 4], "rotation": 270, "texture": "#3"}
			}
		},
		{
			"from": [6.97632, 11.20288, 4.05839],
			"to": [11.97632, 19.20288, 12.05839],
			"rotation": {"angle": 22.5, "axis": "z", "origin": [9.12431, 12.50103, 7.1827]},
			"faces": {
				"north": {"uv": [0, 0, 5, 8], "texture": "#3"},
				"south": {"uv": [0, 0, 5, 8], "texture": "#3"},
				"west": {"uv": [0, 0, 8, 8], "texture": "#3"},
				"up": {"uv": [0, 0, 8, 5], "rotation": 90, "texture": "#3"},
				"down": {"uv": [0, 0, 8, 5], "rotation": 270, "texture": "#3"}
			}
		},
		{
			"from": [0.97632, 13.20288, 6.05839],
			"to": [6.97632, 17.20288, 10.05839],
			"rotation": {"angle": 22.5, "axis": "z", "origin": [9.12431, 12.50103, 7.1827]},
			"faces": {
				"north": {"uv": [0, 0, 6, 4], "texture": "#3"},
				"south": {"uv": [0, 0, 6, 4], "texture": "#3"},
				"west": {"uv": [0, 0, 4, 4], "texture": "#3"},
				"up": {"uv": [0, 0, 4, 6], "rotation": 90, "texture": "#3"},
				"down": {"uv": [0, 0, 4, 6], "rotation": 270, "texture": "#3"}
			}
		},
		{
			"from": [0, 0, 0],
			"to": [16, 6, 16],
			"faces": {
				"north": {"uv": [0, 0, 16, 6], "texture": "#0"},
				"east": {"uv": [0, 0, 16, 6], "texture": "#0"},
				"south": {"uv": [0, 0, 16, 6], "texture": "#0"},
				"west": {"uv": [0, 0, 16, 6], "texture": "#0"},
				"up": {"uv": [0, 0, 16, 16], "texture": "#0"},
				"down": {"uv": [0, 0, 16, 16], "texture": "#0"}
			}
		},
		{
			"from": [2, 6.01, 2],
			"to": [14, 6.01, 14],
			"rotation": {"angle": 0, "axis": "y", "origin": [8, 6, 7]},
			"faces": {
				"up": {"uv": [0, 0, 15, 15], "rotation": 270, "texture": "#5"}
			}
		},
		{
			"from": [-2, 4, 7],
			"to": [0, 11, 9],
			"rotation": {"angle": 22.5, "axis": "z", "origin": [2.90395, 8.7989, 8.05839]},
			"faces": {
				"north": {"uv": [1, 0, 3, 7], "texture": "#0"},
				"east": {"uv": [1, 0, 3, 7], "texture": "#0"},
				"south": {"uv": [1, 0, 3, 7], "texture": "#0"},
				"west": {"uv": [1, 0, 3, 7], "texture": "#0"}
			}
		},
		{
			"from": [5.48661, 6, 5.59939],
			"to": [11.48661, 8, 5.59939],
			"rotation": {"angle": 22.5, "axis": "y", "origin": [9.12431, 12.50103, 7.1827]},
			"faces": {
				"north": {"uv": [0, 8, 6, 10], "texture": "#1"},
				"south": {"uv": [2, 8, 8, 10], "texture": "#1"}
			}
		},
		{
			"from": [1.25, 5.5, 7],
			"to": [3.75, 11, 9],
			"rotation": {"angle": 45, "axis": "z", "origin": [2, 11, 8]},
			"faces": {
				"north": {"uv": [0, 0, 2.5, 5.5], "texture": "#3"},
				"east": {"uv": [0, 0, 2, 5.5], "texture": "#3"},
				"south": {"uv": [0, 0, 2.5, 5.5], "texture": "#3"},
				"west": {"uv": [0, 0, 2, 5.5], "texture": "#3"},
				"down": {"uv": [0, 0, 2.5, 2], "texture": "#3"}
			}
		},
		{
			"from": [-3.25, 9.25, 7],
			"to": [0.75, 10.25, 9],
			"rotation": {"angle": 22.5, "axis": "z", "origin": [-2, 11, 8]},
			"faces": {
				"north": {"uv": [0, 0, 4, 1], "texture": "#0"},
				"east": {"uv": [0, 0, 2, 1], "texture": "#0"},
				"south": {"uv": [0, 0, 4, 1], "texture": "#0"},
				"west": {"uv": [0, 0, 2, 1], "texture": "#0"},
				"up": {"uv": [0, 0, 4, 2], "texture": "#0"},
				"down": {"uv": [0, 0, 4, 2], "texture": "#0"}
			}
		},
		{
			"from": [14.5, 4.5, -0.5],
			"to": [16.5, 6.5, 1.5],
			"faces": {
				"north": {"uv": [2, 0, 0, 2], "texture": "#6"},
				"east": {"uv": [0, 0, 2, 2], "texture": "#6"},
				"south": {"uv": [4, 6, 6, 4], "texture": "#6"},
				"west": {"uv": [6, 6, 4, 4], "texture": "#6"},
				"up": {"uv": [2, 0, 0, 2], "rotation": 90, "texture": "#6"},
				"down": {"uv": [2, 2, 0, 0], "texture": "#6"}
			}
		},
		{
			"from": [-0.5, 4.5, -0.5],
			"to": [1.5, 6.5, 1.5],
			"faces": {
				"north": {"uv": [0, 0, 2, 2], "texture": "#6"},
				"east": {"uv": [4, 6, 6, 4], "texture": "#6"},
				"south": {"uv": [6, 6, 4, 4], "texture": "#6"},
				"west": {"uv": [2, 0, 0, 2], "texture": "#6"},
				"up": {"uv": [0, 0, 2, 2], "rotation": 270, "texture": "#6"},
				"down": {"uv": [2, 0, 0, 2], "texture": "#6"}
			}
		},
		{
			"from": [-0.5, 4.5, 14.5],
			"to": [1.5, 6.5, 16.5],
			"faces": {
				"north": {"uv": [4, 6, 6, 4], "texture": "#6"},
				"east": {"uv": [6, 6, 4, 4], "texture": "#6"},
				"south": {"uv": [2, 0, 0, 2], "texture": "#6"},
				"west": {"uv": [0, 0, 2, 2], "texture": "#6"},
				"up": {"uv": [0, 2, 2, 0], "rotation": 90, "texture": "#6"},
				"down": {"uv": [0, 0, 2, 2], "texture": "#6"}
			}
		},
		{
			"from": [14.5, 4.5, 14.5],
			"to": [16.5, 6.5, 16.5],
			"faces": {
				"north": {"uv": [6, 6, 4, 4], "texture": "#6"},
				"east": {"uv": [2, 0, 0, 2], "texture": "#6"},
				"south": {"uv": [0, 0, 2, 2], "texture": "#6"},
				"west": {"uv": [4, 6, 6, 4], "texture": "#6"},
				"up": {"uv": [2, 2, 0, 0], "rotation": 270, "texture": "#6"},
				"down": {"uv": [0, 2, 2, 0], "texture": "#6"}
			}
		}
	],
	"display": {
		"thirdperson_righthand": {
			"rotation": [45, 0, 0],
			"translation": [0, 0, -1.25],
			"scale": [0.32, 0.32, 0.32]
		},
		"thirdperson_lefthand": {
			"rotation": [45, 0, 0],
			"translation": [0, 0, -1.25],
			"scale": [0.32, 0.32, 0.32]
		},
		"firstperson_righthand": {
			"translation": [0, 0, -1.25],
			"scale": [0.52, 0.52, 0.52]
		},
		"firstperson_lefthand": {
			"translation": [0, 0, -1.25],
			"scale": [0.52, 0.52, 0.52]
		},
		"ground": {
			"scale": [0.31, 0.31, 0.31]
		},
		"gui": {
			"rotation": [8, -136, 0],
			"translation": [0, -1.75, 0],
			"scale": [0.52, 0.52, 0.52]
		},
		"fixed": {
			"scale": [0.64, 0.64, 0.64]
		}
	}
}