{
	"credit": "Made with Blockbench",
	"textures": {
		"0": "block/joystick",
		"particle": "block/joystick"
	},
	"elements": [
		{
			"from": [11, 1, 5],
			"to": [14, 2, 8],
			"faces": {
				"north": {"uv": [0, 0, 3, 1], "texture": "#0"},
				"east": {"uv": [0, 0, 3, 1], "texture": "#0"},
				"south": {"uv": [0, 0, 3, 1], "texture": "#0"},
				"west": {"uv": [0, 0, 3, 1], "texture": "#0"},
				"up": {"uv": [3, 3, 0, 0], "rotation": 180, "texture": "#0"},
				"down": {"uv": [3, 0, 0, 3], "rotation": 180, "texture": "#0"}
			}
		},
		{
			"from": [12, 2, 6],
			"to": [13, 5.75, 7],
			"faces": {
				"north": {"uv": [3, 0, 4, 4], "texture": "#0"},
				"east": {"uv": [3, 0, 4, 4], "texture": "#0"},
				"south": {"uv": [3, 0, 4, 4], "texture": "#0"},
				"west": {"uv": [3, 0, 4, 4], "texture": "#0"},
				"up": {"uv": [4, 1, 3, 0], "rotation": 180, "texture": "#0"},
				"down": {"uv": [4, 0, 3, 1], "rotation": 180, "texture": "#0"}
			}
		},
		{
			"name": "botao 1",
			"from": [8, 1, 4],
			"to": [10, 2, 6],
			"faces": {
				"north": {"uv": [5, 0, 7, 1], "texture": "#0"},
				"east": {"uv": [5, 0, 7, 1], "texture": "#0"},
				"south": {"uv": [5, 0, 7, 1], "texture": "#0"},
				"west": {"uv": [5, 0, 7, 1], "texture": "#0"},
				"up": {"uv": [7, 2, 5, 0], "rotation": 180, "texture": "#0"},
				"down": {"uv": [7, 0, 5, 2], "rotation": 180, "texture": "#0"}
			}
		},
		{
			"name": "botao 2",
			"from": [5, 1, 2],
			"to": [7, 2, 4],
			"faces": {
				"north": {"uv": [7, 0, 9, 1], "texture": "#0"},
				"east": {"uv": [7, 0, 9, 1], "texture": "#0"},
				"south": {"uv": [7, 0, 9, 1], "texture": "#0"},
				"west": {"uv": [7, 0, 9, 1], "texture": "#0"},
				"up": {"uv": [9, 2, 7, 0], "rotation": 180, "texture": "#0"},
				"down": {"uv": [9, 0, 7, 2], "rotation": 180, "texture": "#0"}
			}
		},
		{
			"name": "botao 3",
			"from": [2, 1, 4],
			"to": [4, 2, 6],
			"faces": {
				"north": {"uv": [5, 2, 7, 3], "texture": "#0"},
				"east": {"uv": [5, 2, 7, 3], "texture": "#0"},
				"south": {"uv": [5, 2, 7, 3], "texture": "#0"},
				"west": {"uv": [5, 2, 7, 3], "texture": "#0"},
				"up": {"uv": [7, 4, 5, 2], "rotation": 180, "texture": "#0"},
				"down": {"uv": [7, 2, 5, 4], "rotation": 180, "texture": "#0"}
			}
		},
		{
			"name": "botao 4",
			"from": [5, 1, 6],
			"to": [7, 2, 8],
			"faces": {
				"north": {"uv": [7, 2, 9, 3], "texture": "#0"},
				"east": {"uv": [7, 2, 9, 3], "texture": "#0"},
				"south": {"uv": [7, 2, 9, 3], "texture": "#0"},
				"west": {"uv": [7, 2, 9, 3], "texture": "#0"},
				"up": {"uv": [9, 4, 7, 2], "rotation": 180, "texture": "#0"},
				"down": {"uv": [9, 2, 7, 4], "rotation": 180, "texture": "#0"}
			}
		},
		{
			"from": [11.5, 4, 5.5],
			"to": [13.5, 6, 7.5],
			"faces": {
				"north": {"uv": [5, 6, 7, 8], "texture": "#0"},
				"east": {"uv": [5, 6, 7, 8], "texture": "#0"},
				"south": {"uv": [5, 6, 7, 8], "texture": "#0"},
				"west": {"uv": [5, 6, 7, 8], "texture": "#0"},
				"up": {"uv": [7, 8, 5, 6], "rotation": 180, "texture": "#0"},
				"down": {"uv": [7, 6, 5, 8], "rotation": 180, "texture": "#0"}
			}
		},
		{
			"name": "base",
			"from": [1, 0, 1],
			"to": [15, 1, 11],
			"faces": {
				"north": {"uv": [7, 4, 16, 5], "texture": "#0"},
				"east": {"uv": [7, 4, 16, 5], "texture": "#0"},
				"south": {"uv": [7, 4, 16, 5], "texture": "#0"},
				"west": {"uv": [7, 4, 16, 5], "texture": "#0"},
				"up": {"uv": [16, 13, 7, 4], "texture": "#0"},
				"down": {"uv": [16, 4, 7, 13], "texture": "#0"}
			}
		}
	]
}