{
	"credit": "Made with Blockbench",
	"texture_size": [8, 16],
	"textures": {
		"particle": "block/luz"
	},
	"elements": [
		{
			"name": "luz",
			"from": [5.5, 4, 0],
			"to": [10.5, 9, 5],
			"faces": {
				"north": {"uv": [0, 0, 5, 2.5], "texture": "#particle"},
				"east": {"uv": [0, 0, 5, 2.5], "texture": "#particle"},
				"south": {"uv": [0, 0, 5, 2.5], "texture": "#particle"},
				"west": {"uv": [0, 0, 5, 2.5], "texture": "#particle"},
				"up": {"uv": [5, 2.5, 0, 0], "texture": "#particle"},
				"down": {"uv": [5, 0, 0, 2.5], "texture": "#particle"}
			}
		},
		{
			"name": "luz",
			"from": [5.5, 4, 11],
			"to": [10.5, 9, 16],
			"faces": {
				"north": {"uv": [0, 0, 5, 2.5], "texture": "#particle"},
				"east": {"uv": [0, 0, 5, 2.5], "texture": "#particle"},
				"south": {"uv": [0, 0, 5, 2.5], "texture": "#particle"},
				"west": {"uv": [0, 0, 5, 2.5], "texture": "#particle"},
				"up": {"uv": [5, 2.5, 0, 0], "texture": "#particle"},
				"down": {"uv": [5, 0, 0, 2.5], "texture": "#particle"}
			}
		},
		{
			"name": "luz",
			"from": [0, 4, 5.5],
			"to": [5, 9, 10.5],
			"faces": {
				"north": {"uv": [0, 0, 5, 2.5], "texture": "#particle"},
				"east": {"uv": [0, 0, 5, 2.5], "texture": "#particle"},
				"south": {"uv": [0, 0, 5, 2.5], "texture": "#particle"},
				"west": {"uv": [0, 0, 5, 2.5], "texture": "#particle"},
				"up": {"uv": [5, 2.5, 0, 0], "texture": "#particle"},
				"down": {"uv": [5, 0, 0, 2.5], "texture": "#particle"}
			}
		},
		{
			"name": "luz",
			"from": [11, 4, 5.5],
			"to": [16, 9, 10.5],
			"faces": {
				"north": {"uv": [0, 0, 5, 2.5], "texture": "#particle"},
				"east": {"uv": [0, 0, 5, 2.5], "texture": "#particle"},
				"south": {"uv": [0, 0, 5, 2.5], "texture": "#particle"},
				"west": {"uv": [0, 0, 5, 2.5], "texture": "#particle"},
				"up": {"uv": [5, 2.5, 0, 0], "texture": "#particle"},
				"down": {"uv": [5, 0, 0, 2.5], "texture": "#particle"}
			}
		},
		{
			"name": "mastro",
			"from": [7, 0, 7],
			"to": [9, 16, 9],
			"faces": {
				"north": {"uv": [0, 2.5, 2, 10.5], "texture": "#particle"},
				"east": {"uv": [0, 2.5, 2, 10.5], "texture": "#particle"},
				"south": {"uv": [0, 2.5, 2, 10.5], "texture": "#particle"},
				"west": {"uv": [0, 2.5, 2, 10.5], "texture": "#particle"},
				"up": {"uv": [2, 3.5, 0, 2.5], "texture": "#particle"},
				"down": {"uv": [2, 2.5, 0, 3.5], "texture": "#particle"}
			}
		},
		{
			"from": [7, 0, 9],
			"to": [9, 2, 13],
			"rotation": {"angle": -22.5, "axis": "x", "origin": [8, 0, 8]},
			"faces": {
				"north": {"uv": [0, 2.5, 2, 3.5], "texture": "#particle"},
				"east": {"uv": [0, 2.5, 4, 3.5], "texture": "#particle"},
				"south": {"uv": [0, 2.5, 2, 3.5], "texture": "#particle"},
				"west": {"uv": [0, 2.5, 4, 3.5], "texture": "#particle"},
				"up": {"uv": [2, 4.5, 0, 2.5], "texture": "#particle"},
				"down": {"uv": [2, 2.5, 0, 4.5], "texture": "#particle"}
			}
		},
		{
			"from": [3, 0, 7],
			"to": [7, 2, 9],
			"rotation": {"angle": -22.5, "axis": "z", "origin": [8, 0, 8]},
			"faces": {
				"north": {"uv": [0, 2.5, 4, 3.5], "texture": "#particle"},
				"east": {"uv": [0, 2.5, 2, 3.5], "texture": "#particle"},
				"south": {"uv": [0, 2.5, 4, 3.5], "texture": "#particle"},
				"west": {"uv": [0, 2.5, 2, 3.5], "texture": "#particle"},
				"up": {"uv": [4, 3.5, 0, 2.5], "texture": "#particle"},
				"down": {"uv": [4, 2.5, 0, 3.5], "texture": "#particle"}
			}
		},
		{
			"from": [9, 0, 7],
			"to": [13, 2, 9],
			"rotation": {"angle": 22.5, "axis": "z", "origin": [8, 0, 8]},
			"faces": {
				"north": {"uv": [0, 2.5, 4, 3.5], "texture": "#particle"},
				"east": {"uv": [0, 2.5, 2, 3.5], "texture": "#particle"},
				"south": {"uv": [0, 2.5, 4, 3.5], "texture": "#particle"},
				"west": {"uv": [0, 2.5, 2, 3.5], "texture": "#particle"},
				"up": {"uv": [4, 3.5, 0, 2.5], "texture": "#particle"},
				"down": {"uv": [4, 2.5, 0, 3.5], "texture": "#particle"}
			}
		},
		{
			"from": [7, 0, 3],
			"to": [9, 2, 7],
			"rotation": {"angle": 22.5, "axis": "x", "origin": [8, 0, 8]},
			"faces": {
				"north": {"uv": [0, 2.5, 2, 3.5], "texture": "#particle"},
				"east": {"uv": [0, 2.5, 4, 3.5], "texture": "#particle"},
				"south": {"uv": [0, 2.5, 2, 3.5], "texture": "#particle"},
				"west": {"uv": [0, 2.5, 4, 3.5], "texture": "#particle"},
				"up": {"uv": [2, 4.5, 0, 2.5], "texture": "#particle"},
				"down": {"uv": [2, 2.5, 0, 4.5], "texture": "#particle"}
			}
		},
		{
			"from": [7, 1.5, 2],
			"to": [9, 4, 4.75],
			"rotation": {"angle": 0, "axis": "y", "origin": [8, 0, 8]},
			"faces": {
				"north": {"uv": [0, 2.5, 2, 4], "texture": "#particle"},
				"east": {"uv": [0, 2.5, 3, 4], "texture": "#particle"},
				"south": {"uv": [0, 2.5, 2, 4], "texture": "#particle"},
				"west": {"uv": [0, 2.5, 3, 4], "texture": "#particle"},
				"up": {"uv": [2, 4, 0, 2.5], "texture": "#particle"},
				"down": {"uv": [2, 2.5, 0, 4], "texture": "#particle"}
			}
		},
		{
			"from": [7, 1.5, 11.25],
			"to": [9, 4, 14],
			"rotation": {"angle": 0, "axis": "y", "origin": [8, 0, 8]},
			"faces": {
				"north": {"uv": [0, 2.5, 2, 4], "texture": "#particle"},
				"east": {"uv": [0, 2.5, 3, 4], "texture": "#particle"},
				"south": {"uv": [0, 2.5, 2, 4], "texture": "#particle"},
				"west": {"uv": [0, 2.5, 3, 4], "texture": "#particle"},
				"up": {"uv": [2, 4, 0, 2.5], "texture": "#particle"},
				"down": {"uv": [2, 2.5, 0, 4], "texture": "#particle"}
			}
		},
		{
			"from": [2, 1.5, 7],
			"to": [4.75, 4, 9],
			"rotation": {"angle": 0, "axis": "y", "origin": [8, 0, 8]},
			"faces": {
				"north": {"uv": [0, 2.5, 3, 4], "texture": "#particle"},
				"east": {"uv": [0, 2.5, 2, 4], "texture": "#particle"},
				"south": {"uv": [0, 2.5, 3, 4], "texture": "#particle"},
				"west": {"uv": [0, 2.5, 2, 4], "texture": "#particle"},
				"up": {"uv": [3, 3.5, 0, 2.5], "texture": "#particle"},
				"down": {"uv": [3, 2.5, 0, 3.5], "texture": "#particle"}
			}
		},
		{
			"from": [11.25, 1.5, 7],
			"to": [14, 4, 9],
			"rotation": {"angle": 0, "axis": "y", "origin": [8, 0, 8]},
			"faces": {
				"north": {"uv": [0, 2.5, 3, 4], "texture": "#particle"},
				"east": {"uv": [0, 2.5, 2, 4], "texture": "#particle"},
				"south": {"uv": [0, 2.5, 3, 4], "texture": "#particle"},
				"west": {"uv": [0, 2.5, 2, 4], "texture": "#particle"},
				"up": {"uv": [3, 3.5, 0, 2.5], "texture": "#particle"},
				"down": {"uv": [3, 2.5, 0, 3.5], "texture": "#particle"}
			}
		},
		{
			"from": [7, 4, 2],
			"to": [9, 6, 4],
			"faces": {
				"north": {"uv": [2, 4, 4, 5], "texture": "#particle"},
				"east": {"uv": [2, 4, 4, 5], "texture": "#particle"},
				"south": {"uv": [2, 4, 4, 5], "texture": "#particle"},
				"west": {"uv": [2, 4, 4, 5], "texture": "#particle"},
				"up": {"uv": [4, 5, 2, 4], "texture": "#particle"},
				"down": {"uv": [4, 4, 2, 5], "texture": "#particle"}
			}
		},
		{
			"from": [12, 4, 7],
			"to": [14, 6, 9],
			"faces": {
				"north": {"uv": [2, 4, 4, 5], "texture": "#particle"},
				"east": {"uv": [2, 4, 4, 5], "texture": "#particle"},
				"south": {"uv": [2, 4, 4, 5], "texture": "#particle"},
				"west": {"uv": [2, 4, 4, 5], "texture": "#particle"},
				"up": {"uv": [4, 5, 2, 4], "texture": "#particle"},
				"down": {"uv": [4, 4, 2, 5], "texture": "#particle"}
			}
		},
		{
			"from": [7, 4, 12],
			"to": [9, 6, 14],
			"faces": {
				"north": {"uv": [2, 4, 4, 5], "texture": "#particle"},
				"east": {"uv": [2, 4, 4, 5], "texture": "#particle"},
				"south": {"uv": [2, 4, 4, 5], "texture": "#particle"},
				"west": {"uv": [2, 4, 4, 5], "texture": "#particle"},
				"up": {"uv": [4, 5, 2, 4], "texture": "#particle"},
				"down": {"uv": [4, 4, 2, 5], "texture": "#particle"}
			}
		},
		{
			"from": [2, 4, 7],
			"to": [4, 6, 9],
			"faces": {
				"north": {"uv": [2, 4, 4, 5], "texture": "#particle"},
				"east": {"uv": [2, 4, 4, 5], "texture": "#particle"},
				"south": {"uv": [2, 4, 4, 5], "texture": "#particle"},
				"west": {"uv": [2, 4, 4, 5], "texture": "#particle"},
				"up": {"uv": [4, 5, 2, 4], "texture": "#particle"},
				"down": {"uv": [4, 4, 2, 5], "texture": "#particle"}
			}
		}
	]
}