{
	"credit": "Made with Blockbench",
	"textures": {
		"0": "block/glowstone",
		"1": "block/cracked_stone_bricks",
		"3": "block/polished_deepslate",
		"4": "block/red_shulker_box",
		"6": "block/nether_portal",
		"particle": "block/cracked_stone_bricks"
	},
	"elements": [
		{
			"from": [0, 0, 0],
			"to": [16, 1, 16],
			"faces": {
				"north": {"uv": [0, 6, 14, 8], "texture": "#1"},
				"east": {"uv": [0, 6, 14, 8], "texture": "#1"},
				"south": {"uv": [0, 6, 14, 8], "texture": "#1"},
				"west": {"uv": [0, 6, 14, 8], "texture": "#1"},
				"up": {"uv": [1, 1, 15, 15], "texture": "#1"},
				"down": {"uv": [1, 1, 15, 15], "texture": "#1"}
			}
		},
		{
			"from": [1, 1, 1],
			"to": [15, 2, 15],
			"faces": {
				"north": {"uv": [0, 6, 14, 8], "texture": "#1"},
				"east": {"uv": [0, 6, 14, 8], "texture": "#1"},
				"south": {"uv": [0, 6, 14, 8], "texture": "#1"},
				"west": {"uv": [0, 6, 14, 8], "texture": "#1"},
				"up": {"uv": [1, 1, 15, 15], "texture": "#1"},
				"down": {"uv": [1, 1, 15, 15], "texture": "#1"}
			}
		},
		{
			"from": [3, 2, 3],
			"to": [13, 3, 13],
			"faces": {
				"north": {"uv": [0, 15, 10, 16], "texture": "#3"},
				"east": {"uv": [0, 15, 10, 16], "texture": "#3"},
				"south": {"uv": [0, 15, 10, 16], "rotation": 180, "texture": "#3"},
				"west": {"uv": [0, 15, 10, 16], "texture": "#3"},
				"up": {"uv": [5, 5, 15, 15], "texture": "#3"},
				"down": {"uv": [5, 5, 15, 15], "texture": "#3"}
			}
		},
		{
			"from": [4, 3, 4],
			"to": [12, 14.9375, 12],
			"faces": {
				"north": {"uv": [0, 0, 8, 12], "texture": "#1"},
				"east": {"uv": [0, 0, 8, 12], "texture": "#1"},
				"south": {"uv": [0, 0, 8, 12], "texture": "#1"},
				"west": {"uv": [0, 0, 8, 12], "texture": "#1"},
				"up": {"uv": [0, 0, 8, 8], "rotation": 90, "texture": "#1"},
				"down": {"uv": [0, 0, 8, 8], "rotation": 270, "texture": "#1"}
			}
		},
		{
			"from": [2.5, 1.75, 11.5],
			"to": [4.5, 3.25, 13.5],
			"faces": {
				"north": {"uv": [0, 0, 2, 1.5], "texture": "#0"},
				"east": {"uv": [0, 0, 2, 1.5], "texture": "#0"},
				"south": {"uv": [0, 0, 2, 1.5], "texture": "#0"},
				"west": {"uv": [0, 0, 2, 1.5], "texture": "#0"},
				"up": {"uv": [0, 0, 2, 2], "texture": "#0"},
				"down": {"uv": [0, 0, 2, 2], "texture": "#0"}
			}
		},
		{
			"from": [11.5, 1.75, 11.5],
			"to": [13.5, 3.25, 13.5],
			"faces": {
				"north": {"uv": [0, 0, 2, 1.5], "texture": "#0"},
				"east": {"uv": [0, 0, 2, 1.5], "texture": "#0"},
				"south": {"uv": [0, 0, 2, 1.5], "texture": "#0"},
				"west": {"uv": [0, 0, 2, 1.5], "texture": "#0"},
				"up": {"uv": [0, 0, 2, 2], "texture": "#0"},
				"down": {"uv": [0, 0, 2, 2], "texture": "#0"}
			}
		},
		{
			"from": [11.5, 1.75, 2.5],
			"to": [13.5, 3.25, 4.5],
			"faces": {
				"north": {"uv": [0, 0, 2, 1.5], "texture": "#0"},
				"east": {"uv": [0, 0, 2, 1.5], "texture": "#0"},
				"south": {"uv": [0, 0, 2, 1.5], "texture": "#0"},
				"west": {"uv": [0, 0, 2, 1.5], "texture": "#0"},
				"up": {"uv": [0, 0, 2, 2], "texture": "#0"},
				"down": {"uv": [0, 0, 2, 2], "texture": "#0"}
			}
		},
		{
			"from": [2.5, 1.75, 2.5],
			"to": [4.5, 3.25, 4.5],
			"faces": {
				"north": {"uv": [0, 0, 2, 1.5], "texture": "#0"},
				"east": {"uv": [0, 0, 2, 1.5], "texture": "#0"},
				"south": {"uv": [0, 0, 2, 1.5], "texture": "#0"},
				"west": {"uv": [0, 0, 2, 1.5], "texture": "#0"},
				"up": {"uv": [0, 0, 2, 2], "texture": "#0"},
				"down": {"uv": [0, 0, 2, 2], "texture": "#0"}
			}
		},
		{
			"from": [4, 11, 14.1625],
			"to": [12, 19.2, 14.1625],
			"rotation": {"angle": 0, "axis": "y", "origin": [0, -2, 0]},
			"faces": {
				"north": {"uv": [0, 0, 16, 13], "rotation": 180, "texture": "#4"},
				"east": {"uv": [0, 0, 4, 0], "rotation": 270, "texture": "#4"},
				"south": {"uv": [0, 0, 16, 13], "rotation": 180, "texture": "#4"},
				"west": {"uv": [0, 0, 4, 0], "rotation": 90, "texture": "#4"},
				"up": {"uv": [0, 0, 4, 0], "rotation": 180, "texture": "#4"},
				"down": {"uv": [0, 0, 4, 0], "texture": "#4"}
			}
		},
		{
			"from": [12.5, 8.5, 17.75],
			"to": [14.5, 10, 19.75],
			"rotation": {"angle": -22.5, "axis": "x", "origin": [0, -2, 0]},
			"faces": {
				"north": {"uv": [0, 0, 2, 1.5], "texture": "#0"},
				"east": {"uv": [0, 0, 2, 1.5], "texture": "#0"},
				"south": {"uv": [0, 0, 2, 1.5], "texture": "#0"},
				"west": {"uv": [0, 0, 2, 1.5], "texture": "#0"},
				"up": {"uv": [0, 0, 2, 2], "texture": "#0"},
				"down": {"uv": [0, 0, 2, 2], "texture": "#0"}
			}
		},
		{
			"from": [12.5, 8.5, 6.75],
			"to": [14.5, 10, 8.75],
			"rotation": {"angle": -22.5, "axis": "x", "origin": [0, -2, 0]},
			"faces": {
				"north": {"uv": [0, 0, 2, 1.5], "texture": "#0"},
				"east": {"uv": [0, 0, 2, 1.5], "texture": "#0"},
				"south": {"uv": [0, 0, 2, 1.5], "texture": "#0"},
				"west": {"uv": [0, 0, 2, 1.5], "texture": "#0"},
				"up": {"uv": [0, 0, 2, 2], "texture": "#0"},
				"down": {"uv": [0, 0, 2, 2], "texture": "#0"}
			}
		},
		{
			"name": "tamnpa",
			"from": [14, 10, 7.25],
			"to": [15, 12, 19.25],
			"rotation": {"angle": -22.5, "axis": "x", "origin": [0, -2, 0]},
			"faces": {
				"north": {"uv": [0, 6, 1, 8], "texture": "#1"},
				"east": {"uv": [0, 6, 14, 8], "texture": "#1"},
				"south": {"uv": [0, 6, 1, 8], "texture": "#1"},
				"west": {"uv": [0, 6, 14, 8], "texture": "#1"},
				"up": {"uv": [0, 6, 14, 7], "rotation": 270, "texture": "#1"},
				"down": {"uv": [0, 6, 14, 7], "rotation": 270, "texture": "#1"}
			}
		},
		{
			"name": "tamnpa",
			"from": [1, 10, 19.25],
			"to": [15, 12, 20.25],
			"rotation": {"angle": -22.5, "axis": "x", "origin": [0, -2, 0]},
			"faces": {
				"north": {"uv": [0, 6, 14, 8], "texture": "#1"},
				"east": {"uv": [0, 6, 1, 8], "texture": "#1"},
				"south": {"uv": [0, 6, 14, 8], "texture": "#1"},
				"west": {"uv": [0, 6, 1, 8], "texture": "#1"},
				"up": {"uv": [0, 6, 14, 7], "rotation": 180, "texture": "#1"},
				"down": {"uv": [0, 6, 14, 7], "texture": "#1"}
			}
		},
		{
			"from": [1.5, 8.5, 17.75],
			"to": [3.5, 10, 19.75],
			"rotation": {"angle": -22.5, "axis": "x", "origin": [0, -2, 0]},
			"faces": {
				"north": {"uv": [0, 0, 2, 1.5], "texture": "#0"},
				"east": {"uv": [0, 0, 2, 1.5], "texture": "#0"},
				"south": {"uv": [0, 0, 2, 1.5], "texture": "#0"},
				"west": {"uv": [0, 0, 2, 1.5], "texture": "#0"},
				"up": {"uv": [0, 0, 2, 2], "texture": "#0"},
				"down": {"uv": [0, 0, 2, 2], "texture": "#0"}
			}
		},
		{
			"name": "tamnpa",
			"from": [1, 10, 7.25],
			"to": [2, 12, 19.25],
			"rotation": {"angle": -22.5, "axis": "x", "origin": [0, -2, 0]},
			"faces": {
				"north": {"uv": [0, 6, 1, 8], "texture": "#1"},
				"east": {"uv": [0, 6, 14, 8], "texture": "#1"},
				"south": {"uv": [0, 6, 1, 8], "texture": "#1"},
				"west": {"uv": [0, 6, 14, 8], "texture": "#1"},
				"up": {"uv": [0, 6, 14, 7], "rotation": 270, "texture": "#1"},
				"down": {"uv": [0, 6, 14, 7], "rotation": 270, "texture": "#1"}
			}
		},
		{
			"name": "tamnpa",
			"from": [3, 10, 8.25],
			"to": [13, 12, 18.25],
			"rotation": {"angle": -22.5, "axis": "x", "origin": [0, -2, 0]},
			"faces": {
				"north": {"uv": [0, 6, 14, 8], "texture": "#1"},
				"east": {"uv": [0, 6, 14, 8], "texture": "#1"},
				"south": {"uv": [0, 6, 14, 8], "texture": "#1"},
				"west": {"uv": [0, 6, 14, 8], "texture": "#1"},
				"up": {"uv": [1, 1, 15, 15], "texture": "#1"},
				"down": {"uv": [1, 1, 15, 15], "texture": "#1"}
			}
		},
		{
			"from": [4, 12.15, 6.125],
			"to": [12, 12.15, 21.1625],
			"rotation": {"angle": -22.5, "axis": "x", "origin": [0, -2, 0]},
			"faces": {
				"north": {"uv": [0, 0, 8, 0], "texture": "#4"},
				"east": {"uv": [0, 0, 7.08125, 0], "texture": "#4"},
				"south": {"uv": [0, 0, 4, 0], "texture": "#4"},
				"west": {"uv": [0, 0, 7.08125, 0], "texture": "#4"},
				"up": {"uv": [4, 0, 12, 16], "texture": "#4"},
				"down": {"uv": [4, 0, 12, 16], "texture": "#4"}
			}
		},
		{
			"from": [4, 5.25, 0.275],
			"to": [12, 13.45, 0.275],
			"rotation": {"angle": 0, "axis": "x", "origin": [0, -2, 0]},
			"faces": {
				"north": {"uv": [0, 0, 16, 13], "rotation": 180, "texture": "#4"},
				"east": {"uv": [0, 0, 4, 0], "rotation": 270, "texture": "#4"},
				"south": {"uv": [0, 0, 16, 13], "texture": "#4"},
				"west": {"uv": [0, 0, 4, 0], "rotation": 90, "texture": "#4"},
				"up": {"uv": [0, 0, 4, 0], "rotation": 180, "texture": "#4"},
				"down": {"uv": [0, 0, 4, 0], "texture": "#4"}
			}
		},
		{
			"from": [1.5, 8.5, 6.75],
			"to": [3.5, 10, 8.75],
			"rotation": {"angle": -22.5, "axis": "x", "origin": [0, -2, 0]},
			"faces": {
				"north": {"uv": [0, 0, 2, 1.5], "texture": "#0"},
				"east": {"uv": [0, 0, 2, 1.5], "texture": "#0"},
				"south": {"uv": [0, 0, 2, 1.5], "texture": "#0"},
				"west": {"uv": [0, 0, 2, 1.5], "texture": "#0"},
				"up": {"uv": [0, 0, 2, 2], "texture": "#0"},
				"down": {"uv": [0, 0, 2, 2], "texture": "#0"}
			}
		},
		{
			"from": [2, 9, 7.25],
			"to": [14, 10, 19.25],
			"rotation": {"angle": -22.5, "axis": "x", "origin": [0, -2, 0]},
			"faces": {
				"north": {"uv": [0, 15, 12, 16], "texture": "#3"},
				"east": {"uv": [0, 15, 12, 16], "texture": "#3"},
				"south": {"uv": [0, 15, 12, 16], "texture": "#3"},
				"west": {"uv": [0, 15, 12, 16], "texture": "#3"},
				"up": {"uv": [3, 3, 15, 15], "texture": "#3"},
				"down": {"uv": [3, 3, 15, 15], "texture": "#3"}
			}
		},
		{
			"name": "portal",
			"from": [2, 10, 7.25],
			"to": [14, 11, 19.25],
			"rotation": {"angle": -22.5, "axis": "x", "origin": [0, -2, 0]},
			"faces": {
				"north": {"uv": [0, 0, 12, 1], "texture": "#6"},
				"east": {"uv": [0, 0, 12, 1], "texture": "#6"},
				"south": {"uv": [0, 0, 12, 1], "texture": "#6"},
				"west": {"uv": [0, 0, 12, 1], "texture": "#6"},
				"up": {"uv": [0, 0, 16, 16], "texture": "#6"},
				"down": {"uv": [0, 0, 16, 16], "texture": "#6"}
			}
		},
		{
			"name": "tamnpa",
			"from": [1, 10, 6.25],
			"to": [15, 12, 7.25],
			"rotation": {"angle": -22.5, "axis": "x", "origin": [0, -2, 0]},
			"faces": {
				"north": {"uv": [0, 6, 14, 8], "texture": "#1"},
				"east": {"uv": [0, 6, 1, 8], "texture": "#1"},
				"south": {"uv": [0, 6, 14, 8], "texture": "#1"},
				"west": {"uv": [0, 6, 1, 8], "texture": "#1"},
				"up": {"uv": [0, 6, 14, 7], "rotation": 180, "texture": "#1"},
				"down": {"uv": [0, 6, 14, 7], "texture": "#1"}
			}
		}
	],
	"display": {
		"thirdperson_righthand": {
			"rotation": [75, 45, 0],
			"translation": [0, 2.5, 0],
			"scale": [0.375, 0.375, 0.375]
		},
		"thirdperson_lefthand": {
			"rotation": [75, 45, 0],
			"translation": [0, 2.5, 0],
			"scale": [0.375, 0.375, 0.375]
		},
		"firstperson_righthand": {
			"rotation": [0, 45, 0],
			"scale": [0.4, 0.4, 0.4]
		},
		"firstperson_lefthand": {
			"rotation": [0, 225, 0],
			"scale": [0.4, 0.4, 0.4]
		},
		"ground": {
			"translation": [0, 3, 0],
			"scale": [0.25, 0.25, 0.25]
		},
		"gui": {
			"rotation": [30, 225, 0],
			"scale": [0.625, 0.625, 0.625]
		},
		"fixed": {
			"scale": [0.5, 0.5, 0.5]
		}
	},
	"groups": [
		0,
		1,
		2,
		3,
		4,
		5,
		6,
		7,
		{
			"name": "tampa",
			"origin": [0, -2, 0],
			"color": 0,
			"children": [8, 9, 10, 11, 12, 13, 14, 15, 16, 17, 18, 19, 20, 21]
		}
	]
}