{
	"credit": "Made with Blockbench",
	"textures": {
		"0": "block/whistle",
		"particle": "block/gold_block"
	},
	"elements": [
		{
			"name": "Whistle Large Cap",
			"from": [2, 8, 2],
			"to": [14, 10, 14],
			"faces": {
				"north": {"uv": [12.5, 0.75, 15.5, 1.25], "texture": "#0"},
				"east": {"uv": [12.5, 0.75, 15.5, 1.25], "texture": "#0"},
				"south": {"uv": [12.5, 0.75, 15.5, 1.25], "texture": "#0"},
				"west": {"uv": [12.5, 0.75, 15.5, 1.25], "texture": "#0"},
				"up": {"uv": [0.5, 12.5, 3.5, 15.5], "texture": "#0"},
				"down": {"uv": [12.5, 12.5, 15.5, 15.5], "texture": "#0"}
			}
		},
		{
			"name": "Whistle large Extension",
			"from": [3, 0, 3],
			"to": [13, 8, 13],
			"faces": {
				"north": {"uv": [12.75, 1.5, 15.25, 3.5], "texture": "#0"},
				"east": {"uv": [12.75, 1.5, 15.25, 3.5], "texture": "#0"},
				"south": {"uv": [12.75, 1.5, 15.25, 3.5], "texture": "#0"},
				"west": {"uv": [12.75, 1.5, 15.25, 3.5], "texture": "#0"}
			}
		}
	],
	"groups": [
		{
			"name": "Whistle Large",
			"origin": [8, 8, 8],
			"color": 0,
			"children": [
				{
					"name": "Extension",
					"origin": [8, 8, 8],
					"color": 0,
					"children": [0, 1]
				}
			]
		}
	]
}