{
	"credit": "Made with Blockbench",
	"ambientocclusion": false,
	"textures": {
		"0": "block/nether_bricks",
		"particle": "block/nether_bricks"
	},
	"elements": [
		{
			"from": [5.75, 0, 0],
			"to": [10.25, 1, 16],
			"shade": false,
			"faces": {
				"north": {"uv": [0, 1, 1, 5.5], "rotation": 90, "texture": "#0"},
				"east": {"uv": [0, 1, 1, 16], "rotation": 90, "texture": "#0"},
				"south": {"uv": [0, 1, 1, 5.5], "rotation": 90, "texture": "#0"},
				"west": {"uv": [0, 1, 1, 16], "rotation": 270, "texture": "#0"},
				"up": {"uv": [0, 1, 16, 5], "rotation": 90, "texture": "#0"},
				"down": {"uv": [0, 1, 16, 5], "rotation": 90, "texture": "#0"}
			}
		}
	]
}