{
"custom.introducao":{
	"sounds":["custom/introducao"]
	},
"custom.bicho":{
	"sounds":["custom/bicho"]
	},
"custom.creditos":{
	"sounds":["custom/creditos"]
	},
"custom.gramofone_unused":{
	"sounds":["custom/gramofone_unused"]
	},
"custom.elevador":{
	"sounds":["custom/elevador"]
	},
"custom.breath":{
	"sounds":["custom/breath"]
	},
"custom.sala90":{
	"sounds":["custom/sala90"]
	},
"custom.sala100":{
	"sounds":["custom/sala100"]
	},
"custom.saladeestar":{
	"sounds":["custom/gramofone"]
	}
}