{"providers":[
	{"file":"minecraft:font/port.png","chars":["\ue238"],"height":52,"ascent":33,"type":"bitmap"},
	{"file":"minecraft:font/ing.png","chars":["\ue239"],"height":52,"ascent":33,"type":"bitmap"},
	{"file":"minecraft:font/henry.png","ascent":6,"height":50,"chars":["ꌆ"],"type":"bitmap"},
	{"file":"minecraft:font/narrador.png","ascent":6,"height":50,"chars":["ꌀ"],"type":"bitmap"},
	{"type":"bitmap","file":"minecraft:font/black_bars1.png","ascent":128,"height":256,"chars":["\ue240"]},
	{"type":"bitmap","file":"minecraft:font/black_bars2.png","ascent":128,"height":256,"chars":["\ue241"]},
	{"type":"bitmap","file":"minecraft:font/key.png","ascent":7,"height":8,"chars":["\ue242"]}
]}
