{
	"credit": "Made with Blockbench",
	"textures": {
		"0": "item/stone_axe",
		"particle": "item/stone_axe"
	},
	"elements": [
		{
			"from": [9, 0, 17],
			"to": [10, 1, 18],
			"rotation": {"angle": 0, "axis": "y", "origin": [8, 0.5, 10]},
			"faces": {
				"north": {"uv": [6, 11, 7, 12], "texture": "#0"},
				"east": {"uv": [11, 6, 12, 7], "texture": "#0"},
				"south": {"uv": [11, 7, 12, 8], "texture": "#0"},
				"west": {"uv": [9, 11, 10, 12], "texture": "#0"},
				"up": {"uv": [11, 12, 10, 11], "texture": "#0"},
				"down": {"uv": [12, 11, 11, 12], "texture": "#0"}
			}
		},
		{
			"from": [9, 0, 18],
			"to": [12, 1, 19],
			"rotation": {"angle": 0, "axis": "y", "origin": [8, 0.5, 10]},
			"faces": {
				"north": {"uv": [4, 2, 7, 3], "texture": "#0"},
				"east": {"uv": [4, 12, 5, 13], "texture": "#0"},
				"south": {"uv": [4, 3, 7, 4], "texture": "#0"},
				"west": {"uv": [12, 4, 13, 5], "texture": "#0"},
				"up": {"uv": [7, 5, 4, 4], "texture": "#0"},
				"down": {"uv": [7, 5, 4, 6], "texture": "#0"}
			}
		},
		{
			"from": [9, 0, 16],
			"to": [12, 1, 17],
			"rotation": {"angle": 0, "axis": "y", "origin": [8, 0.5, 10]},
			"faces": {
				"north": {"uv": [4, 6, 7, 7], "texture": "#0"},
				"east": {"uv": [5, 12, 6, 13], "texture": "#0"},
				"south": {"uv": [7, 2, 10, 3], "texture": "#0"},
				"west": {"uv": [12, 5, 13, 6], "texture": "#0"},
				"up": {"uv": [10, 4, 7, 3], "texture": "#0"},
				"down": {"uv": [7, 7, 4, 8], "texture": "#0"}
			}
		},
		{
			"from": [5, 0, 2],
			"to": [6, 1, 3],
			"rotation": {"angle": 0, "axis": "y", "origin": [8, 0.5, 10]},
			"faces": {
				"north": {"uv": [6, 12, 7, 13], "texture": "#0"},
				"east": {"uv": [12, 6, 13, 7], "texture": "#0"},
				"south": {"uv": [7, 12, 8, 13], "texture": "#0"},
				"west": {"uv": [12, 7, 13, 8], "texture": "#0"},
				"up": {"uv": [9, 13, 8, 12], "texture": "#0"},
				"down": {"uv": [13, 8, 12, 9], "texture": "#0"}
			}
		},
		{
			"from": [10, 0, 2],
			"to": [11, 1, 3],
			"rotation": {"angle": 0, "axis": "y", "origin": [8, 0.5, 10]},
			"faces": {
				"north": {"uv": [9, 12, 10, 13], "texture": "#0"},
				"east": {"uv": [12, 9, 13, 10], "texture": "#0"},
				"south": {"uv": [10, 12, 11, 13], "texture": "#0"},
				"west": {"uv": [12, 10, 13, 11], "texture": "#0"},
				"up": {"uv": [12, 13, 11, 12], "texture": "#0"},
				"down": {"uv": [13, 11, 12, 12], "texture": "#0"}
			}
		},
		{
			"from": [9, 0, 6],
			"to": [10, 1, 7],
			"rotation": {"angle": 0, "axis": "y", "origin": [8, 0.5, 10]},
			"faces": {
				"north": {"uv": [12, 12, 13, 13], "texture": "#0"},
				"east": {"uv": [13, 2, 14, 3], "texture": "#0"},
				"south": {"uv": [13, 3, 14, 4], "texture": "#0"},
				"west": {"uv": [4, 13, 5, 14], "texture": "#0"},
				"up": {"uv": [14, 5, 13, 4], "texture": "#0"},
				"down": {"uv": [6, 13, 5, 14], "texture": "#0"}
			}
		},
		{
			"from": [6, 0, 6],
			"to": [7, 1, 7],
			"rotation": {"angle": 0, "axis": "y", "origin": [8, 0.5, 10]},
			"faces": {
				"north": {"uv": [13, 5, 14, 6], "texture": "#0"},
				"east": {"uv": [6, 13, 7, 14], "texture": "#0"},
				"south": {"uv": [13, 6, 14, 7], "texture": "#0"},
				"west": {"uv": [7, 13, 8, 14], "texture": "#0"},
				"up": {"uv": [14, 8, 13, 7], "texture": "#0"},
				"down": {"uv": [9, 13, 8, 14], "texture": "#0"}
			}
		},
		{
			"from": [5, 0, 5],
			"to": [6, 1, 6],
			"rotation": {"angle": 0, "axis": "y", "origin": [8, 0.5, 10]},
			"faces": {
				"north": {"uv": [13, 8, 14, 9], "texture": "#0"},
				"east": {"uv": [9, 13, 10, 14], "texture": "#0"},
				"south": {"uv": [13, 9, 14, 10], "texture": "#0"},
				"west": {"uv": [10, 13, 11, 14], "texture": "#0"},
				"up": {"uv": [14, 11, 13, 10], "texture": "#0"},
				"down": {"uv": [12, 13, 11, 14], "texture": "#0"}
			}
		},
		{
			"from": [10, 0, 5],
			"to": [11, 1, 6],
			"rotation": {"angle": 0, "axis": "y", "origin": [8, 0.5, 10]},
			"faces": {
				"north": {"uv": [13, 11, 14, 12], "texture": "#0"},
				"east": {"uv": [12, 13, 13, 14], "texture": "#0"},
				"south": {"uv": [13, 12, 14, 13], "texture": "#0"},
				"west": {"uv": [13, 13, 14, 14], "texture": "#0"},
				"up": {"uv": [15, 3, 14, 2], "texture": "#0"},
				"down": {"uv": [15, 3, 14, 4], "texture": "#0"}
			}
		},
		{
			"from": [4, 0, 3],
			"to": [5, 1, 5],
			"rotation": {"angle": 0, "axis": "y", "origin": [8, 0.5, 10]},
			"faces": {
				"north": {"uv": [4, 14, 5, 15], "texture": "#0"},
				"east": {"uv": [8, 8, 10, 9], "texture": "#0"},
				"south": {"uv": [14, 4, 15, 5], "texture": "#0"},
				"west": {"uv": [7, 9, 9, 10], "texture": "#0"},
				"up": {"uv": [10, 11, 9, 9], "texture": "#0"},
				"down": {"uv": [11, 2, 10, 4], "texture": "#0"}
			}
		},
		{
			"from": [11, 0, 3],
			"to": [12, 1, 5],
			"rotation": {"angle": 0, "axis": "y", "origin": [8, 0.5, 10]},
			"faces": {
				"north": {"uv": [5, 14, 6, 15], "texture": "#0"},
				"east": {"uv": [10, 4, 12, 5], "texture": "#0"},
				"south": {"uv": [14, 5, 15, 6], "texture": "#0"},
				"west": {"uv": [10, 5, 12, 6], "texture": "#0"},
				"up": {"uv": [8, 12, 7, 10], "texture": "#0"},
				"down": {"uv": [9, 10, 8, 12], "texture": "#0"}
			}
		},
		{
			"from": [9, 0, 2],
			"to": [10, 1, 5],
			"rotation": {"angle": 0, "axis": "y", "origin": [8, 0.5, 10]},
			"faces": {
				"north": {"uv": [6, 14, 7, 15], "texture": "#0"},
				"east": {"uv": [7, 4, 10, 5], "texture": "#0"},
				"south": {"uv": [14, 6, 15, 7], "texture": "#0"},
				"west": {"uv": [7, 5, 10, 6], "texture": "#0"},
				"up": {"uv": [8, 9, 7, 6], "texture": "#0"},
				"down": {"uv": [5, 8, 4, 11], "texture": "#0"}
			}
		},
		{
			"from": [6, 0, 2],
			"to": [7, 1, 5],
			"rotation": {"angle": 0, "axis": "y", "origin": [8, 0.5, 10]},
			"faces": {
				"north": {"uv": [7, 14, 8, 15], "texture": "#0"},
				"east": {"uv": [8, 6, 11, 7], "texture": "#0"},
				"south": {"uv": [14, 7, 15, 8], "texture": "#0"},
				"west": {"uv": [8, 7, 11, 8], "texture": "#0"},
				"up": {"uv": [6, 11, 5, 8], "texture": "#0"},
				"down": {"uv": [7, 8, 6, 11], "texture": "#0"}
			}
		},
		{
			"from": [7, 0, 5],
			"to": [9, 1, 20],
			"rotation": {"angle": 0, "axis": "y", "origin": [8, 0.5, 10]},
			"faces": {
				"north": {"uv": [10, 8, 12, 9], "texture": "#0"},
				"east": {"uv": [0, 0, 1, 15], "rotation": 270, "texture": "#0"},
				"south": {"uv": [10, 9, 12, 10], "texture": "#0"},
				"west": {"uv": [0, 0, 1, 15], "rotation": 90, "texture": "#0"},
				"up": {"uv": [2, 15, 0, 0], "texture": "#0"},
				"down": {"uv": [2, 0, 0, 15], "texture": "#0"}
			}
		},
		{
			"from": [7, 0, 1],
			"to": [9, 1, 2],
			"rotation": {"angle": 0, "axis": "y", "origin": [8, 0.5, 10]},
			"faces": {
				"north": {"uv": [10, 10, 12, 11], "texture": "#0"},
				"east": {"uv": [8, 14, 9, 15], "texture": "#0"},
				"south": {"uv": [11, 2, 13, 3], "texture": "#0"},
				"west": {"uv": [14, 8, 15, 9], "texture": "#0"},
				"up": {"uv": [13, 4, 11, 3], "texture": "#0"},
				"down": {"uv": [6, 11, 4, 12], "texture": "#0"}
			}
		}
	],
	"gui_light": "front",
	"display": {
		"thirdperson_righthand": {
			"rotation": [-61, 0, 90],
			"translation": [-4, 2, 1],
			"scale": [0.55, 0.55, 0.55]
		},
		"thirdperson_lefthand": {
			"rotation": [-61, 0, -90],
			"translation": [4, 2, 1],
			"scale": [0.55, 0.55, 0.55]
		},
		"firstperson_righthand": {
			"rotation": [53, -180, -90],
			"translation": [-3.5, 4, 0],
			"scale": [0.68, 0.68, 0.68]
		},
		"firstperson_lefthand": {
			"rotation": [53, -180, 90],
			"translation": [6, 4, 0],
			"scale": [0.68, 0.68, 0.68]
		},
		"ground": {
			"translation": [0, 2.75, 0],
			"scale": [0.57, 0.57, 0.57]
		},
		"gui": {
			"rotation": [-90, 45, 0],
			"translation": [-1.5, -1.5, 0],
			"scale": [0.86, 0.86, 0.86]
		},
		"head": {
			"rotation": [0, 180, 0],
			"translation": [0, 19, 3.25]
		},
		"fixed": {
			"rotation": [90, 180, 0],
			"translation": [0, -2.25, 6.25]
		}
	},
	"groups": [
		{
			"name": "group",
			"origin": [0, 0, 0],
			"color": 0,
			"children": [0, 1, 2, 3, 4, 5, 6, 7, 8, 9, 10, 11, 12, 13, 14]
		}
	]
}