{
	"credit": "Made with Blockbench",
	"textures": {
		"0": "item/henry",
		"particle": "item/henry"
	},
	"elements": [
		{
			"from": [6.5, 0, 6],
			"to": [9.5, 12, 10],
			"rotation": {"angle": 0, "axis": "y", "origin": [1.5, 6, 2]},
			"faces": {
				"north": {"uv": [11, 5, 11.75, 8], "texture": "#0"},
				"east": {"uv": [10, 5, 11, 8], "texture": "#0"},
				"south": {"uv": [12.75, 5, 13.5, 8], "texture": "#0"},
				"west": {"uv": [11.75, 5, 12.75, 8], "texture": "#0"},
				"up": {"uv": [11, 4, 11.75, 5], "rotation": 180, "texture": "#0"},
				"down": {"uv": [11.75, 4, 12.5, 5], "texture": "#0"}
			}
		},
		{
			"from": [6.25, -0.25, 5.75],
			"to": [9.75, 12.25, 10.25],
			"rotation": {"angle": 0, "axis": "y", "origin": [1.5, 6, 2]},
			"faces": {
				"north": {"uv": [11, 9, 11.75, 12], "texture": "#0"},
				"east": {"uv": [10, 9, 11, 12], "texture": "#0"},
				"south": {"uv": [12.75, 9, 13.5, 12], "texture": "#0"},
				"west": {"uv": [11.75, 9, 12.75, 12], "texture": "#0"},
				"up": {"uv": [11, 8, 11.75, 9], "rotation": 180, "texture": "#0"},
				"down": {"uv": [11.75, 8, 12.5, 9], "texture": "#0"}
			}
		}
	],
	"display": {
		"thirdperson_righthand": {
			"rotation": [90, 0, 0],
			"translation": [0, -2, 8]
		},
		"thirdperson_lefthand": {
			"rotation": [90, 180, 0],
			"translation": [0, -2, 8]
		}
	}
}