{
	"credit": "Made with Blockbench",
	"textures": {
		"0": "block/stripped_spruce_log_top",
		"1": "block/yellow_shulker_box",
		"2": "block/red_shulker_box",
		"particle": "block/stripped_spruce_log_top"
	},
	"elements": [
		{
			"from": [7, 0, 7],
			"to": [9, 11, 9],
			"faces": {
				"north": {"uv": [1, 1, 3, 12], "texture": "#0"},
				"east": {"uv": [1, 1, 3, 12], "texture": "#0"},
				"south": {"uv": [1, 1, 3, 12], "texture": "#0"},
				"west": {"uv": [1, 1, 3, 12], "texture": "#0"},
				"up": {"uv": [1, 1, 3, 3], "texture": "#0"},
				"down": {"uv": [1, 1, 3, 3], "texture": "#0"}
			}
		},
		{
			"from": [4, 11, 5.5],
			"to": [12, 16, 10.5],
			"faces": {
				"north": {"uv": [0, 0, 8, 5], "texture": "#1"},
				"east": {"uv": [0, 0, 5, 5], "texture": "#1"},
				"south": {"uv": [0, 11, 8, 16], "rotation": 180, "texture": "#1"},
				"west": {"uv": [0, 0, 5, 5], "texture": "#1"},
				"up": {"uv": [0, 0, 8, 5], "texture": "#1"},
				"down": {"uv": [0, 0, 8, 5], "texture": "#1"}
			}
		},
		{
			"from": [3, 10.5, 5],
			"to": [5, 16.5, 11],
			"faces": {
				"north": {"uv": [0, 0, 2, 6], "texture": "#2"},
				"east": {"uv": [0, 0, 16, 16], "texture": "#2"},
				"south": {"uv": [0, 0, 2, 6], "texture": "#2"},
				"west": {"uv": [0, 0, 16, 16], "texture": "#2"},
				"up": {"uv": [0, 0, 2, 6], "texture": "#2"},
				"down": {"uv": [0, 0, 2, 6], "texture": "#2"}
			}
		},
		{
			"from": [11, 10.5, 5],
			"to": [13, 16.5, 11],
			"faces": {
				"north": {"uv": [0, 0, 2, 6], "texture": "#2"},
				"east": {"uv": [0, 0, 16, 16], "texture": "#2"},
				"south": {"uv": [0, 0, 2, 6], "texture": "#2"},
				"west": {"uv": [0, 0, 16, 16], "texture": "#2"},
				"up": {"uv": [0, 0, 2, 6], "texture": "#2"},
				"down": {"uv": [0, 0, 2, 6], "texture": "#2"}
			}
		}
	],
	"gui_light": "front",
	"display": {
		"thirdperson_righthand": {
			"rotation": [0, 90, 0],
			"translation": [0, 2.75, 0],
			"scale": [0.73, 0.73, 0.73]
		},
		"thirdperson_lefthand": {
			"rotation": [0, 90, 0],
			"translation": [0, 2.75, 0],
			"scale": [0.73, 0.73, 0.73]
		},
		"firstperson_righthand": {
			"rotation": [0, 90, 0],
			"translation": [0, 2.75, 0],
			"scale": [0.73, 0.73, 0.73]
		},
		"firstperson_lefthand": {
			"rotation": [0, 90, 0],
			"translation": [0, 2.75, 0],
			"scale": [0.73, 0.73, 0.73]
		},
		"ground": {
			"rotation": [0, 0, 45],
			"translation": [0, 4.25, 0]
		},
		"gui": {
			"rotation": [0, 0, -45],
			"translation": [-1, -1, 0],
			"scale": [0.88, 0.88, 0.88]
		},
		"fixed": {
			"rotation": [-45, 90, 0],
			"translation": [0, 9.5, -8.75],
			"scale": [2.23, 2.23, 2.23]
		}
	}
}