{
	"credit": "Made with Blockbench",
	"texture_size": [32, 32],
	"textures": {
		"1": "block/gaveta",
		"2": "block/gaveta-2",
		"particle": "block/gaveta"
	},
	"elements": [
		{
			"from": [2, 0, 2],
			"to": [3, 1, 3],
			"faces": {
				"north": {"uv": [10, 2, 10.5, 2.5], "texture": "#2"},
				"east": {"uv": [10, 2.5, 10.5, 3], "texture": "#2"},
				"south": {"uv": [10, 3, 10.5, 3.5], "texture": "#2"},
				"west": {"uv": [10, 3.5, 10.5, 4], "texture": "#2"},
				"up": {"uv": [10.5, 4.5, 10, 4], "texture": "#2"},
				"down": {"uv": [10.5, 4.5, 10, 5], "texture": "#2"}
			}
		},
		{
			"from": [2, 0, 13],
			"to": [3, 1, 14],
			"faces": {
				"north": {"uv": [10, 5, 10.5, 5.5], "texture": "#2"},
				"east": {"uv": [10, 8, 10.5, 8.5], "texture": "#2"},
				"south": {"uv": [10, 8.5, 10.5, 9], "texture": "#2"},
				"west": {"uv": [10, 9, 10.5, 9.5], "texture": "#2"},
				"up": {"uv": [10.5, 10, 10, 9.5], "texture": "#2"},
				"down": {"uv": [10.5, 10, 10, 10.5], "texture": "#2"}
			}
		},
		{
			"from": [13, 0, 13],
			"to": [14, 1, 14],
			"faces": {
				"north": {"uv": [0, 10.5, 0.5, 11], "texture": "#2"},
				"east": {"uv": [0.5, 10.5, 1, 11], "texture": "#2"},
				"south": {"uv": [1, 10.5, 1.5, 11], "texture": "#2"},
				"west": {"uv": [1.5, 10.5, 2, 11], "texture": "#2"},
				"up": {"uv": [2.5, 11, 2, 10.5], "texture": "#2"},
				"down": {"uv": [11, 2, 10.5, 2.5], "texture": "#2"}
			}
		},
		{
			"from": [13, 0, 2],
			"to": [14, 1, 3],
			"faces": {
				"north": {"uv": [2.5, 10.5, 3, 11], "texture": "#2"},
				"east": {"uv": [10.5, 2.5, 11, 3], "texture": "#2"},
				"south": {"uv": [3, 10.5, 3.5, 11], "texture": "#2"},
				"west": {"uv": [10.5, 3, 11, 3.5], "texture": "#2"},
				"up": {"uv": [4, 11, 3.5, 10.5], "texture": "#2"},
				"down": {"uv": [11, 3.5, 10.5, 4], "texture": "#2"}
			}
		},
		{
			"name": "lateral",
			"from": [1, 3, 1],
			"to": [3, 12, 15],
			"faces": {
				"north": {"uv": [3.5, 8, 4, 10.25], "texture": "#1"},
				"east": {"uv": [7.5, 3.75, 11, 6], "texture": "#1"},
				"south": {"uv": [7, 10.5, 7.5, 12.75], "texture": "#1"},
				"west": {"uv": [7.5, 6, 11, 8.25], "texture": "#1"},
				"up": {"uv": [5.5, 14, 5, 10.5], "texture": "#1"},
				"down": {"uv": [6, 10.5, 5.5, 14], "texture": "#1"}
			}
		},
		{
			"name": "lateral",
			"from": [13, 3, 1],
			"to": [15, 12, 15],
			"faces": {
				"north": {"uv": [11, 5, 11.5, 7.25], "texture": "#1"},
				"east": {"uv": [0, 8.25, 3.5, 10.5], "texture": "#1"},
				"south": {"uv": [7.5, 11, 8, 13.25], "texture": "#1"},
				"west": {"uv": [7.5, 8.75, 11, 11], "texture": "#1"},
				"up": {"uv": [6.5, 14, 6, 10.5], "texture": "#1"},
				"down": {"uv": [7, 10.5, 6.5, 14], "texture": "#1"}
			}
		},
		{
			"name": "fundo",
			"from": [3, 3, 13],
			"to": [13, 12, 15],
			"faces": {
				"north": {"uv": [0, 10.75, 2.5, 13], "texture": "#1"},
				"east": {"uv": [11, 7.5, 11.5, 10], "texture": "#1"},
				"south": {"uv": [2.5, 10.75, 5, 13], "texture": "#1"},
				"west": {"uv": [8, 11, 8.5, 13.5], "texture": "#1"},
				"up": {"uv": [11, 11.5, 8.5, 11], "texture": "#1"},
				"down": {"uv": [13.5, 10, 11, 10.5], "texture": "#1"}
			}
		},
		{
			"name": "fundo",
			"from": [1, 1, 1],
			"to": [15, 3, 15],
			"faces": {
				"north": {"uv": [11, 3, 14.5, 3.5], "texture": "#1"},
				"east": {"uv": [11, 3.5, 14.5, 4], "texture": "#1"},
				"south": {"uv": [11, 4, 14.5, 4.5], "texture": "#1"},
				"west": {"uv": [11, 4.5, 14.5, 5], "texture": "#1"},
				"up": {"uv": [7.5, 3.5, 4, 0], "texture": "#1"},
				"down": {"uv": [7.5, 3.5, 4, 7], "texture": "#1"}
			}
		},
		{
			"name": "tampa",
			"from": [1, 12, 1],
			"to": [15, 15, 15],
			"faces": {
				"north": {"uv": [11, 0, 14.5, 0.75], "texture": "#1"},
				"east": {"uv": [11, 0.75, 14.5, 1.5], "texture": "#1"},
				"south": {"uv": [11, 1.5, 14.5, 2.25], "texture": "#1"},
				"west": {"uv": [11, 2.25, 14.5, 3], "texture": "#1"},
				"up": {"uv": [7.5, 10.5, 4, 7], "texture": "#1"},
				"down": {"uv": [11, 0, 7.5, 3.5], "texture": "#1"}
			}
		},
		{
			"name": "detalhe tampa",
			"from": [0, 13, 0],
			"to": [16, 14, 16],
			"faces": {
				"north": {"uv": [11, 10.5, 15, 10.75], "texture": "#1"},
				"east": {"uv": [11, 10.75, 15, 11], "texture": "#1"},
				"south": {"uv": [11, 11, 15, 11.25], "texture": "#1"},
				"west": {"uv": [11, 11.25, 15, 11.5], "texture": "#1"},
				"up": {"uv": [4, 4, 0, 0], "texture": "#1"},
				"down": {"uv": [4, 4, 0, 8], "texture": "#1"}
			}
		},
		{
			"from": [3, 8, 1],
			"to": [13, 9, 2],
			"faces": {
				"north": {"uv": [11.5, 5, 14, 5.25], "texture": "#1"},
				"east": {"uv": [11.5, 6, 11.75, 6.25], "texture": "#1"},
				"south": {"uv": [11.5, 5.25, 14, 5.5], "texture": "#1"},
				"west": {"uv": [11.5, 6.25, 11.75, 6.5], "texture": "#1"},
				"up": {"uv": [14, 5.75, 11.5, 5.5], "texture": "#1"},
				"down": {"uv": [14, 5.75, 11.5, 6], "texture": "#1"}
			}
		},
		{
			"name": "puxador",
			"from": [7, 10, 1],
			"to": [9, 11, 2],
			"faces": {
				"north": {"uv": [10, 0, 11, 0.5], "texture": "#2"},
				"east": {"uv": [4, 10.5, 4.5, 11], "texture": "#2"},
				"south": {"uv": [10, 0.5, 11, 1], "texture": "#2"},
				"west": {"uv": [10.5, 4, 11, 4.5], "texture": "#2"},
				"up": {"uv": [11, 1.5, 10, 1], "texture": "#2"},
				"down": {"uv": [11, 1.5, 10, 2], "texture": "#2"}
			}
		},
		{
			"from": [3, 7, 2],
			"to": [13, 12, 13],
			"faces": {
				"north": {"uv": [0, 8, 5, 10.5], "texture": "#2"},
				"east": {"uv": [0, 5.5, 5.5, 8], "texture": "#2"},
				"south": {"uv": [5, 8, 10, 10.5], "texture": "#2"},
				"west": {"uv": [5.5, 5.5, 11, 8], "texture": "#2"},
				"up": {"uv": [5, 5.5, 0, 0], "texture": "#2"},
				"down": {"uv": [10, 0, 5, 5.5], "texture": "#2"}
			}
		}
	],
	"display": {
		"thirdperson_righthand": {
			"rotation": [75, 45, 0],
			"translation": [0, 2.5, 0],
			"scale": [0.375, 0.375, 0.375]
		},
		"thirdperson_lefthand": {
			"rotation": [75, 45, 0],
			"translation": [0, 2.5, 0],
			"scale": [0.375, 0.375, 0.375]
		},
		"firstperson_righthand": {
			"rotation": [0, 45, 0],
			"scale": [0.4, 0.4, 0.4]
		},
		"firstperson_lefthand": {
			"rotation": [0, 225, 0],
			"scale": [0.4, 0.4, 0.4]
		},
		"ground": {
			"translation": [0, 3, 0],
			"scale": [0.25, 0.25, 0.25]
		},
		"gui": {
			"rotation": [30, 225, 0],
			"scale": [0.625, 0.625, 0.625]
		},
		"fixed": {
			"scale": [0.5, 0.5, 0.5]
		}
	},
	"groups": [
		{
			"name": "base",
			"origin": [0, 0, 0],
			"color": 0,
			"children": [0, 1, 2, 3]
		},
		{
			"name": "paredes",
			"origin": [0, 0, 0],
			"color": 0,
			"children": [4, 5, 6, 7, 8, 9, 10]
		},
		{
			"name": "gaveta",
			"origin": [0, 0, 0],
			"color": 0,
			"children": [11, 12]
		}
	]
}