{
	"credit": "Made with Blockbench",
	"textures": {
		"0": "block/granite",
		"1": "block/elevator",
		"2": "block/glass",
		"3": "block/dark_oak_log",
		"4": "block/lantern",
		"5": "block/daylight_detector_side",
		"particle": "block/granite"
	},
	"elements": [
		{
			"from": [-15, -16, -16],
			"to": [0, -15, 0],
			"faces": {
				"north": {"uv": [0, 0, 15, 1], "texture": "#0"},
				"up": {"uv": [0, 0, 15, 16], "texture": "#0"},
				"down": {"uv": [0, 0, 15, 16], "texture": "#0"}
			}
		},
		{
			"from": [-15, -16, 0],
			"to": [0, -15, 16],
			"faces": {
				"up": {"uv": [0, 0, 15, 16], "texture": "#0"},
				"down": {"uv": [0, 0, 15, 16], "texture": "#0"}
			}
		},
		{
			"from": [-15, -16, 16],
			"to": [0, -15, 32],
			"faces": {
				"up": {"uv": [0, 0, 15, 16], "texture": "#0"},
				"down": {"uv": [0, 0, 15, 16], "texture": "#0"}
			}
		},
		{
			"from": [0, -16, -16],
			"to": [16, -15, 0],
			"faces": {
				"north": {"uv": [0, 0, 16, 1], "texture": "#0"},
				"up": {"uv": [0, 0, 16, 16], "texture": "#0"},
				"down": {"uv": [0, 0, 16, 16], "texture": "#0"}
			}
		},
		{
			"from": [0, -16, 0],
			"to": [16, -15, 16],
			"faces": {
				"up": {"uv": [0, 0, 16, 16], "texture": "#0"},
				"down": {"uv": [0, 0, 16, 16], "texture": "#0"}
			}
		},
		{
			"from": [0, -16, 16],
			"to": [16, -15, 32],
			"faces": {
				"up": {"uv": [0, 0, 16, 16], "texture": "#0"},
				"down": {"uv": [0, 0, 16, 16], "texture": "#0"}
			}
		},
		{
			"from": [16, -16, -16],
			"to": [31, -15, 0],
			"faces": {
				"north": {"uv": [0, 0, 15, 1], "texture": "#0"},
				"up": {"uv": [0, 0, 15, 16], "texture": "#0"},
				"down": {"uv": [0, 0, 15, 16], "texture": "#0"}
			}
		},
		{
			"from": [16, -16, 0],
			"to": [31, -15, 16],
			"faces": {
				"up": {"uv": [0, 0, 16, 16], "texture": "#0"},
				"down": {"uv": [0, 0, 16, 16], "texture": "#0"}
			}
		},
		{
			"from": [16, -16, 16],
			"to": [31, -15, 32],
			"faces": {
				"up": {"uv": [0, 0, 15, 16], "texture": "#0"},
				"down": {"uv": [0, 0, 15, 16], "texture": "#0"}
			}
		},
		{
			"from": [-15, 31, -16],
			"to": [0, 32, 0],
			"faces": {
				"north": {"uv": [0, 0, 15, 1], "texture": "#5"},
				"east": {"uv": [0, 0, 0, 0], "texture": "#5"},
				"south": {"uv": [0, 0, 0, 0], "texture": "#5"},
				"west": {"uv": [0, 0, 0, 0], "texture": "#5"},
				"up": {"uv": [0, 0, 15, 16], "texture": "#5"},
				"down": {"uv": [0, 0, 15, 16], "texture": "#5"}
			}
		},
		{
			"from": [-15, 31, 0],
			"to": [0, 32, 16],
			"faces": {
				"north": {"uv": [0, 0, 0, 0], "texture": "#5"},
				"east": {"uv": [0, 0, 0, 0], "texture": "#5"},
				"south": {"uv": [0, 0, 0, 0], "texture": "#5"},
				"west": {"uv": [0, 0, 0, 0], "texture": "#5"},
				"up": {"uv": [0, 0, 15, 16], "texture": "#5"},
				"down": {"uv": [0, 0, 15, 16], "texture": "#5"}
			}
		},
		{
			"from": [-15, 31, 16],
			"to": [0, 32, 32],
			"faces": {
				"north": {"uv": [0, 0, 0, 0], "texture": "#5"},
				"east": {"uv": [0, 0, 0, 0], "texture": "#5"},
				"south": {"uv": [0, 0, 0, 0], "texture": "#5"},
				"west": {"uv": [0, 0, 0, 0], "texture": "#5"},
				"up": {"uv": [0, 0, 15, 16], "texture": "#5"},
				"down": {"uv": [0, 0, 15, 16], "texture": "#5"}
			}
		},
		{
			"from": [0, 31, -16],
			"to": [16, 32, 0],
			"faces": {
				"north": {"uv": [0, 0, 16, 1], "texture": "#5"},
				"east": {"uv": [0, 0, 0, 0], "texture": "#5"},
				"south": {"uv": [0, 0, 0, 0], "texture": "#5"},
				"west": {"uv": [0, 0, 0, 0], "texture": "#5"},
				"up": {"uv": [0, 0, 16, 16], "texture": "#5"},
				"down": {"uv": [0, 0, 16, 16], "texture": "#5"}
			}
		},
		{
			"from": [0, 31, 0],
			"to": [16, 32, 16],
			"faces": {
				"north": {"uv": [0, 0, 0, 0], "texture": "#5"},
				"east": {"uv": [0, 0, 0, 0], "texture": "#5"},
				"south": {"uv": [0, 0, 0, 0], "texture": "#5"},
				"west": {"uv": [0, 0, 0, 0], "texture": "#5"},
				"up": {"uv": [0, 0, 16, 16], "texture": "#5"},
				"down": {"uv": [0, 0, 16, 16], "texture": "#5"}
			}
		},
		{
			"from": [0, 31, 16],
			"to": [16, 32, 32],
			"faces": {
				"north": {"uv": [0, 0, 0, 0], "texture": "#5"},
				"east": {"uv": [0, 0, 0, 0], "texture": "#5"},
				"south": {"uv": [0, 0, 0, 0], "texture": "#5"},
				"west": {"uv": [0, 0, 0, 0], "texture": "#5"},
				"up": {"uv": [0, 0, 16, 16], "texture": "#5"},
				"down": {"uv": [0, 0, 16, 16], "texture": "#5"}
			}
		},
		{
			"from": [16, 31, -16],
			"to": [31, 32, 0],
			"faces": {
				"north": {"uv": [0, 0, 15, 1], "texture": "#5"},
				"east": {"uv": [0, 0, 0, 0], "texture": "#5"},
				"south": {"uv": [0, 0, 0, 0], "texture": "#5"},
				"west": {"uv": [0, 0, 0, 0], "texture": "#5"},
				"up": {"uv": [0, 0, 15, 16], "texture": "#5"},
				"down": {"uv": [0, 0, 15, 16], "texture": "#5"}
			}
		},
		{
			"from": [16, 31, 0],
			"to": [31, 32, 16],
			"faces": {
				"north": {"uv": [0, 0, 0, 0], "texture": "#5"},
				"east": {"uv": [0, 0, 0, 0], "texture": "#5"},
				"south": {"uv": [0, 0, 0, 0], "texture": "#5"},
				"west": {"uv": [0, 0, 0, 0], "texture": "#5"},
				"up": {"uv": [0, 0, 15, 16], "texture": "#5"},
				"down": {"uv": [0, 0, 15, 16], "texture": "#5"}
			}
		},
		{
			"from": [16, 31, 16],
			"to": [31, 32, 32],
			"faces": {
				"north": {"uv": [0, 0, 0, 0], "texture": "#5"},
				"east": {"uv": [0, 0, 0, 0], "texture": "#5"},
				"south": {"uv": [0, 0, 0, 0], "texture": "#5"},
				"west": {"uv": [0, 0, 0, 0], "texture": "#5"},
				"up": {"uv": [0, 0, 15, 16], "texture": "#5"},
				"down": {"uv": [0, 0, 15, 16], "texture": "#5"}
			}
		},
		{
			"from": [31, -16, -16],
			"to": [32, 32, 32],
			"faces": {
				"north": {"uv": [0.66667, 0, 1, 16], "texture": "#1"},
				"east": {"uv": [0, 0, 16, 16], "texture": "#1"},
				"west": {"uv": [0, 0, 16, 16], "texture": "#1"}
			}
		},
		{
			"from": [-16, 21, 0],
			"to": [-15, 32, 16],
			"faces": {
				"east": {"uv": [0, 12.66667, 5, 16], "texture": "#1"},
				"west": {"uv": [0, 12.66667, 5, 16], "texture": "#1"},
				"down": {"uv": [0.66667, 0, 1, 4.66667], "texture": "#1"}
			}
		},
		{
			"from": [-16, -16, 0],
			"to": [-15, 0, 16],
			"faces": {
				"east": {"uv": [0, 11, 5, 16], "rotation": 180, "texture": "#1"},
				"west": {"uv": [0, 11, 5, 16], "rotation": 180, "texture": "#1"},
				"up": {"uv": [0.66667, 0, 1, 4.66667], "texture": "#1"}
			}
		},
		{
			"from": [-16, -16, 16],
			"to": [-15, 32, 32],
			"faces": {
				"north": {"uv": [0.66667, 0, 1, 16], "texture": "#1"},
				"east": {"uv": [0, 0, 5, 16], "texture": "#1"},
				"west": {"uv": [0, 0, 5, 16], "texture": "#1"}
			}
		},
		{
			"from": [-16, 0, 0],
			"to": [-16, 21, 16],
			"faces": {
				"east": {"uv": [0, 0, 16, 16], "texture": "#2"},
				"west": {"uv": [0, 0, 16, 16], "texture": "#2"}
			}
		},
		{
			"from": [-16, -16, -16],
			"to": [-15, 32, 0],
			"faces": {
				"north": {"uv": [0.66667, 0, 1, 16], "texture": "#1"},
				"east": {"uv": [0, 0, 5, 16], "texture": "#1"},
				"south": {"uv": [0.66667, 0, 1, 16], "texture": "#1"},
				"west": {"uv": [0, 0, 5, 16], "texture": "#1"}
			}
		},
		{
			"from": [30.8, 0, 0],
			"to": [31.8, 16, 16],
			"faces": {
				"north": {"uv": [0, 0, 1, 16], "texture": "#3"},
				"south": {"uv": [0, 0, 1, 16], "texture": "#3"},
				"west": {"uv": [0, 0, 16, 16], "texture": "#3"}
			}
		},
		{
			"from": [30.8, 16, 0],
			"to": [31.8, 32, 16],
			"faces": {
				"north": {"uv": [0, 0, 1, 16], "texture": "#3"},
				"south": {"uv": [0, 0, 1, 16], "texture": "#3"},
				"west": {"uv": [0, 0, 16, 16], "texture": "#3"}
			}
		},
		{
			"from": [30.8, -16, 0],
			"to": [31.8, 0, 16],
			"faces": {
				"north": {"uv": [0, 0, 1, 16], "texture": "#3"},
				"south": {"uv": [0, 0, 1, 16], "texture": "#3"},
				"west": {"uv": [0, 0, 16, 16], "texture": "#3"}
			}
		},
		{
			"from": [0, 21, 31],
			"to": [16, 32, 32],
			"faces": {
				"north": {"uv": [0, 12.66667, 5, 16], "texture": "#1"},
				"south": {"uv": [0, 12.66667, 5, 16], "texture": "#1"},
				"down": {"uv": [0.66667, 0, 1, 4.66667], "rotation": 90, "texture": "#1"}
			}
		},
		{
			"from": [0, -16, 31],
			"to": [16, 0, 32],
			"faces": {
				"north": {"uv": [0, 11, 5, 16], "rotation": 180, "texture": "#1"},
				"south": {"uv": [0, 11, 5, 16], "rotation": 180, "texture": "#1"},
				"up": {"uv": [0.66667, 0, 1, 4.66667], "rotation": 270, "texture": "#1"}
			}
		},
		{
			"from": [16, -16, 31],
			"to": [32, 32, 32],
			"faces": {
				"north": {"uv": [0, 0, 5, 16], "texture": "#1"},
				"south": {"uv": [0, 0, 5, 16], "texture": "#1"},
				"west": {"uv": [0.66667, 0, 1, 16], "texture": "#1"}
			}
		},
		{
			"from": [0, 0, 32],
			"to": [16, 21, 32],
			"faces": {
				"north": {"uv": [0, 0, 16, 16], "texture": "#2"},
				"south": {"uv": [0, 0, 16, 16], "texture": "#2"}
			}
		},
		{
			"from": [-16, -16, 31],
			"to": [0, 32, 32],
			"faces": {
				"north": {"uv": [0, 0, 5, 16], "texture": "#1"},
				"east": {"uv": [0.66667, 0, 1, 16], "texture": "#1"},
				"south": {"uv": [0, 0, 5, 16], "texture": "#1"}
			}
		},
		{
			"from": [5, 17, 5],
			"to": [11, 24, 11],
			"rotation": {"angle": 0, "axis": "y", "origin": [0, 16, 0]},
			"faces": {
				"north": {"uv": [0, 2, 6, 9], "texture": "#4"},
				"east": {"uv": [0, 2, 6, 9], "texture": "#4"},
				"south": {"uv": [0, 2, 6, 9], "texture": "#4"},
				"west": {"uv": [0, 2, 6, 9], "texture": "#4"},
				"up": {"uv": [0, 9, 6, 15], "texture": "#4"},
				"down": {"uv": [0, 9, 6, 15], "texture": "#4"}
			}
		},
		{
			"from": [6, 24, 6],
			"to": [10, 26, 10],
			"rotation": {"angle": 0, "axis": "y", "origin": [0, 16, 0]},
			"faces": {
				"north": {"uv": [1, 0, 5, 2], "texture": "#4"},
				"east": {"uv": [1, 0, 5, 2], "texture": "#4"},
				"south": {"uv": [1, 0, 5, 2], "texture": "#4"},
				"west": {"uv": [1, 0, 5, 2], "texture": "#4"},
				"up": {"uv": [1, 10, 5, 14], "texture": "#4"},
				"down": {"uv": [1, 10, 5, 14], "texture": "#4"}
			}
		},
		{
			"from": [6.5, 27, 8],
			"to": [9.5, 31, 8],
			"shade": false,
			"rotation": {"angle": 45, "axis": "y", "origin": [8, 24, 8]},
			"faces": {
				"north": {"uv": [14, 1, 11, 5], "texture": "#4"},
				"south": {"uv": [11, 1, 14, 5], "texture": "#4"}
			}
		},
		{
			"from": [8, 26, 6.5],
			"to": [8, 32, 9.5],
			"shade": false,
			"rotation": {"angle": 45, "axis": "y", "origin": [8, 24, 8]},
			"faces": {
				"east": {"uv": [11, 6, 14, 12], "texture": "#4"},
				"west": {"uv": [14, 6, 11, 12], "texture": "#4"}
			}
		}
	],
	"display": {
		"head": {
			"translation": [0, -5.2, 0],
			"scale": [1.65, 1.65, 1.65]
		}
	},
	"groups": [
		{
			"name": "piso",
			"origin": [0, 0, 0],
			"color": 0,
			"children": [0, 1, 2, 3, 4, 5, 6, 7, 8]
		},
		{
			"name": "piso",
			"origin": [0, 0, 0],
			"color": 0,
			"children": [9, 10, 11, 12, 13, 14, 15, 16, 17]
		},
		18,
		19,
		20,
		21,
		22,
		23,
		24,
		25,
		26,
		27,
		28,
		29,
		30,
		31,
		{
			"name": "lanterna",
			"origin": [8, 24, 8],
			"color": 0,
			"children": [32, 33, 34, 35]
		}
	]
}