{
	"credit": "Made with Blockbench",
	"textures": {
		"backpack": "block/backpack"
	},
	"elements": [
		{
			"from": [0, 0, 1],
			"to": [16, 12, 8],
			"faces": {
				"north": {"uv": [4.75, 3, 8.75, 6], "texture": "#backpack"},
				"east": {"uv": [4.75, 3, 7, 6], "texture": "#backpack"},
				"south": {"uv": [4.75, 3, 8.75, 6], "texture": "#backpack"},
				"west": {"uv": [4.75, 3, 7, 6], "texture": "#backpack"},
				"up": {"uv": [4.75, 3, 8.75, 5.25], "texture": "#backpack"},
				"down": {"uv": [4.75, 3, 8.75, 5.25], "texture": "#backpack"}
			}
		},
		{
			"from": [5, 12, 4],
			"to": [6, 14, 5],
			"faces": {
				"north": {"uv": [3.25, 3.25, 3.75, 3.5], "rotation": 270, "texture": "#backpack"},
				"east": {"uv": [3.25, 3.25, 3.75, 3.5], "rotation": 270, "texture": "#backpack"},
				"south": {"uv": [3.25, 3.25, 3.75, 3.5], "rotation": 270, "texture": "#backpack"},
				"west": {"uv": [3.25, 3.25, 3.75, 3.5], "rotation": 270, "texture": "#backpack"},
				"up": {"uv": [3.25, 3.25, 3.5, 3.5], "texture": "#backpack"}
			}
		},
		{
			"from": [10, 12, 4],
			"to": [11, 14, 5],
			"faces": {
				"north": {"uv": [3.25, 3.25, 3.75, 3.5], "rotation": 270, "texture": "#backpack"},
				"east": {"uv": [3.25, 3.25, 3.75, 3.5], "rotation": 270, "texture": "#backpack"},
				"south": {"uv": [3.25, 3.25, 3.75, 3.5], "rotation": 270, "texture": "#backpack"},
				"west": {"uv": [3.25, 3.25, 3.75, 3.5], "rotation": 270, "texture": "#backpack"},
				"up": {"uv": [3.25, 3.25, 3.5, 3.5], "texture": "#backpack"}
			}
		},
		{
			"from": [6, 13, 4],
			"to": [10, 14, 5],
			"faces": {
				"north": {"uv": [3.25, 3.25, 3.75, 3.5], "texture": "#backpack"},
				"south": {"uv": [3.25, 3.25, 3.75, 3.5], "texture": "#backpack"},
				"up": {"uv": [3.25, 3.25, 3.75, 3.5], "texture": "#backpack"},
				"down": {"uv": [3.25, 3.25, 3.75, 3.5], "texture": "#backpack"}
			}
		},
		{
			"from": [2, 3, 8],
			"to": [14, 11, 9],
			"faces": {
				"east": {"uv": [4.75, 4, 5, 6], "texture": "#backpack"},
				"south": {"uv": [2, 4, 5, 6], "texture": "#backpack"},
				"west": {"uv": [2, 4, 2.25, 6], "texture": "#backpack"},
				"up": {"uv": [2, 5.75, 5, 6], "texture": "#backpack"},
				"down": {"uv": [2, 4, 5, 4.25], "texture": "#backpack"}
			}
		}
	],
	"gui_light": "front",
	"display": {
		"thirdperson_righthand": {
			"rotation": [72, 90, 0],
			"translation": [3, -2.25, -3.5],
			"scale": [0.65, 0.65, 0.65]
		},
		"thirdperson_lefthand": {
			"rotation": [72, 90, 0],
			"translation": [3, -2.25, -3.5],
			"scale": [0.65, 0.65, 0.65]
		},
		"firstperson_righthand": {
			"rotation": [0, -90, 0],
			"translation": [-0.25, 0.75, 0],
			"scale": [0.5, 0.5, 0.5]
		},
		"firstperson_lefthand": {
			"rotation": [0, -90, 0],
			"translation": [-0.25, 0.75, 0],
			"scale": [0.5, 0.5, 0.5]
		},
		"ground": {
			"translation": [0, 1.25, 0.25],
			"scale": [0.6, 0.6, 0.6]
		},
		"gui": {
			"translation": [0, 1.25, -2.5],
			"scale": [0.93, 0.93, 0.93]
		},
		"fixed": {
			"rotation": [0, 180, 0],
			"translation": [0, -0.5, -2.5]
		}
	}
}